"o.sites","counted","marked","yearname","year","pres.j1","pres.j2","pres.j3","count.j1","count.j2","count.j3","observer.j1","observer.j2","observer.j3","time.j1","time.j2","time.j3"
1,"yes","no","yr2007",2007,1,0,0,32,29,23,"tech.2","tech.4","tech.1",185,95,315
2,"no","no","yr2007",2007,1,0,0,19,24,25,"tech.1","tech.4","tech.1",350,315,300
3,"no","no","yr2007",2007,1,0,1,52,41,49,"tech.3","tech.3","tech.2",140,30,160
4,"yes","no","yr2007",2007,0,0,0,34,31,43,"tech.3","tech.2","tech.3",70,270,175
5,"no","no","yr2007",2007,1,0,0,46,44,19,"tech.2","tech.4","tech.4",135,150,330
6,"yes","no","yr2007",2007,0,0,0,60,52,42,"tech.1","tech.4","tech.2",165,115,315
7,"no","no","yr2007",2007,0,0,0,31,37,33,"tech.3","tech.4","tech.2",295,125,260
8,"yes","yes","yr2007",2007,0,0,1,26,31,25,"tech.2","tech.3","tech.1",310,20,270
9,"no","no","yr2007",2007,0,0,0,40,39,26,"tech.2","tech.4","tech.1",225,35,30
10,"yes","no","yr2007",2007,0,0,0,30,39,41,"tech.1","tech.1","tech.3",310,35,65
11,"yes","no","yr2007",2007,1,0,1,30,33,37,"tech.3","tech.4","tech.2",15,65,115
12,"yes","no","yr2007",2007,1,0,0,24,29,21,"tech.2","tech.3","tech.2",25,290,25
13,"yes","yes","yr2007",2007,1,1,1,35,46,40,"tech.1","tech.3","tech.3",25,205,220
14,"yes","yes","yr2007",2007,0,0,0,38,50,33,"tech.2","tech.3","tech.3",260,180,5
15,"no","no","yr2007",2007,0,0,0,39,47,41,"tech.3","tech.4","tech.4",50,115,65
16,"no","no","yr2007",2007,1,0,0,41,32,52,"tech.4","tech.4","tech.4",260,0,105
17,"yes","no","yr2007",2007,0,1,0,34,31,39,"tech.3","tech.1","tech.3",225,255,185
18,"no","no","yr2007",2007,0,0,0,33,35,24,"tech.4","tech.1","tech.4",95,210,295
19,"yes","no","yr2007",2007,0,1,0,33,27,30,"tech.2","tech.2","tech.1",170,260,40
20,"yes","no","yr2007",2007,0,0,0,41,32,37,"tech.3","tech.3","tech.2",135,80,90
21,"yes","no","yr2007",2007,1,0,1,44,41,49,"tech.1","tech.4","tech.1",110,260,190
22,"yes","no","yr2007",2007,0,0,0,36,34,34,"tech.1","tech.2","tech.3",105,120,210
23,"no","no","yr2007",2007,0,0,1,25,36,28,"tech.4","tech.3","tech.2",310,260,5
24,"no","no","yr2007",2007,0,0,0,24,43,26,"tech.3","tech.3","tech.4",335,75,335
25,"no","no","yr2007",2007,0,0,0,35,16,25,"tech.3","tech.1","tech.1",205,335,290
26,"yes","no","yr2007",2007,0,0,0,45,46,40,"tech.1","tech.3","tech.3",200,135,65
27,"no","no","yr2007",2007,1,0,0,34,36,33,"tech.2","tech.4","tech.1",40,80,105
28,"no","no","yr2007",2007,0,0,0,49,31,34,"tech.2","tech.1","tech.2",165,10,200
29,"no","no","yr2007",2007,0,0,0,48,33,48,"tech.2","tech.2","tech.4",85,5,190
30,"yes","no","yr2007",2007,0,0,1,48,54,37,"tech.3","tech.3","tech.4",190,115,300
31,"no","no","yr2007",2007,0,0,0,14,38,36,"tech.1","tech.4","tech.2",350,220,55
32,"no","no","yr2007",2007,1,0,0,14,41,15,"tech.1","tech.2","tech.4",340,95,345
33,"no","no","yr2007",2007,0,0,1,14,44,47,"tech.4","tech.2","tech.3",360,250,255
34,"no","no","yr2007",2007,0,0,0,32,32,36,"tech.2","tech.3","tech.1",265,310,230
35,"yes","no","yr2007",2007,0,0,0,43,30,39,"tech.2","tech.1","tech.4",210,265,270
36,"no","no","yr2007",2007,0,1,1,27,39,33,"tech.3","tech.1","tech.1",10,120,270
37,"yes","no","yr2007",2007,0,0,0,42,48,37,"tech.4","tech.2","tech.1",115,175,70
38,"yes","no","yr2007",2007,0,0,1,39,43,39,"tech.3","tech.1","tech.1",100,80,95
39,"yes","yes","yr2007",2007,0,0,0,30,49,40,"tech.2","tech.1","tech.3",320,105,230
40,"no","no","yr2007",2007,1,0,0,42,39,33,"tech.1","tech.2","tech.1",170,65,50
41,"no","no","yr2007",2007,0,0,1,30,21,34,"tech.4","tech.3","tech.3",70,15,95
42,"no","no","yr2007",2007,0,1,0,31,21,19,"tech.4","tech.2","tech.3",280,330,355
43,"no","no","yr2007",2007,1,0,1,31,37,38,"tech.1","tech.3","tech.4",5,95,295
44,"yes","no","yr2007",2007,1,0,0,52,36,34,"tech.4","tech.1","tech.4",140,260,15
45,"yes","no","yr2007",2007,1,0,1,31,27,28,"tech.3","tech.1","tech.1",25,275,50
46,"yes","yes","yr2007",2007,0,0,1,49,42,42,"tech.4","tech.2","tech.2",170,75,195
47,"no","no","yr2007",2007,0,0,0,34,33,15,"tech.2","tech.4","tech.1",105,295,360
48,"no","no","yr2007",2007,0,0,0,32,35,41,"tech.1","tech.1","tech.1",265,305,125
49,"yes","no","yr2007",2007,0,0,0,46,40,38,"tech.1","tech.3","tech.1",65,195,240
50,"yes","no","yr2007",2007,0,0,0,32,32,32,"tech.4","tech.3","tech.1",120,70,210
51,"no","no","yr2007",2007,0,0,0,34,17,24,"tech.2","tech.2","tech.4",310,355,335
52,"yes","no","yr2007",2007,0,1,0,28,31,29,"tech.4","tech.2","tech.4",285,125,40
53,"no","no","yr2007",2007,1,0,1,44,17,55,"tech.2","tech.4","tech.2",100,350,170
54,"no","no","yr2007",2007,0,0,0,34,36,29,"tech.4","tech.4","tech.3",240,80,15
55,"yes","no","yr2007",2007,0,0,1,23,9,33,"tech.1","tech.2","tech.1",40,360,75
56,"yes","no","yr2007",2007,0,0,1,23,43,46,"tech.4","tech.2","tech.2",355,110,160
57,"no","no","yr2007",2007,0,0,1,35,24,32,"tech.4","tech.2","tech.4",270,300,110
58,"yes","yes","yr2007",2007,0,0,0,40,49,46,"tech.4","tech.2","tech.3",290,160,125
59,"no","no","yr2007",2007,0,0,0,34,24,37,"tech.2","tech.3","tech.2",165,295,240
60,"yes","no","yr2007",2007,0,1,1,21,32,41,"tech.1","tech.3","tech.4",320,75,175
61,"no","no","yr2007",2007,0,0,0,19,35,49,"tech.2","tech.4","tech.3",330,295,105
62,"yes","yes","yr2007",2007,0,0,0,44,43,43,"tech.3","tech.3","tech.1",225,245,160
63,"no","no","yr2007",2007,0,0,0,33,39,41,"tech.3","tech.4","tech.2",265,70,215
64,"no","no","yr2007",2007,0,0,0,32,28,34,"tech.4","tech.3","tech.3",160,250,255
65,"yes","no","yr2007",2007,0,0,0,36,44,41,"tech.2","tech.3","tech.1",250,220,230
66,"no","no","yr2007",2007,0,0,0,53,44,21,"tech.1","tech.4","tech.2",115,90,360
67,"no","no","yr2007",2007,1,1,0,34,13,33,"tech.1","tech.2","tech.4",255,360,100
68,"yes","yes","yr2007",2007,0,1,0,32,16,32,"tech.2","tech.3","tech.2",225,340,70
69,"yes","yes","yr2007",2007,0,1,0,48,27,31,"tech.4","tech.4","tech.2",120,295,310
70,"no","no","yr2007",2007,0,0,0,44,42,37,"tech.1","tech.1","tech.1",125,170,235
71,"yes","no","yr2007",2007,0,0,0,39,30,35,"tech.1","tech.3","tech.4",105,195,310
72,"no","no","yr2007",2007,0,0,0,19,13,23,"tech.3","tech.1","tech.1",25,355,295
73,"no","no","yr2007",2007,0,0,1,33,42,40,"tech.4","tech.3","tech.2",255,60,170
74,"no","no","yr2007",2007,0,1,0,17,39,36,"tech.4","tech.4","tech.1",335,240,70
75,"yes","yes","yr2007",2007,0,0,1,40,31,47,"tech.1","tech.1","tech.2",40,15,115
76,"yes","yes","yr2007",2007,1,0,0,34,28,29,"tech.4","tech.4","tech.4",220,275,240
77,"no","no","yr2007",2007,0,0,0,43,40,37,"tech.3","tech.4","tech.4",135,50,300
78,"no","no","yr2007",2007,0,0,0,13,38,43,"tech.2","tech.2","tech.2",310,205,165
79,"yes","no","yr2007",2007,0,0,1,41,23,33,"tech.2","tech.3","tech.2",205,325,275
80,"no","no","yr2007",2007,0,1,1,50,50,30,"tech.3","tech.1","tech.2",190,175,335
81,"no","no","yr2007",2007,0,1,0,37,32,26,"tech.1","tech.2","tech.4",165,275,55
82,"no","no","yr2007",2007,0,0,0,36,22,39,"tech.3","tech.3","tech.1",5,345,25
83,"yes","yes","yr2007",2007,0,0,0,51,55,43,"tech.1","tech.1","tech.4",115,170,85
84,"yes","yes","yr2007",2007,0,0,1,27,34,36,"tech.1","tech.2","tech.2",290,225,275
85,"no","no","yr2007",2007,0,1,0,48,36,32,"tech.3","tech.1","tech.4",90,60,10
86,"yes","yes","yr2007",2007,0,0,0,28,51,63,"tech.3","tech.2","tech.4",25,110,150
87,"no","no","yr2007",2007,0,1,1,13,33,32,"tech.4","tech.1","tech.2",355,105,215
88,"yes","no","yr2007",2007,0,0,0,38,37,37,"tech.3","tech.3","tech.3",110,110,165
89,"no","no","yr2007",2007,0,0,0,49,37,31,"tech.2","tech.1","tech.3",210,25,345
90,"no","no","yr2007",2007,0,0,0,29,24,39,"tech.4","tech.2","tech.4",295,300,280
91,"yes","yes","yr2007",2007,0,1,0,32,30,38,"tech.4","tech.2","tech.1",270,280,280
92,"yes","no","yr2007",2007,0,0,0,36,43,39,"tech.2","tech.4","tech.4",255,85,35
93,"yes","yes","yr2007",2007,0,1,0,41,30,26,"tech.1","tech.1","tech.3",95,240,310
94,"yes","yes","yr2007",2007,0,0,0,19,33,29,"tech.4","tech.3","tech.2",345,105,310
95,"yes","yes","yr2007",2007,0,0,0,32,46,32,"tech.1","tech.1","tech.4",250,200,225
96,"no","no","yr2007",2007,0,0,0,42,34,32,"tech.1","tech.4","tech.2",135,280,15
97,"yes","no","yr2007",2007,0,0,0,28,45,24,"tech.2","tech.2","tech.4",255,125,330
98,"yes","yes","yr2007",2007,0,0,1,32,44,27,"tech.4","tech.4","tech.1",80,165,35
99,"no","no","yr2007",2007,0,0,0,44,37,30,"tech.4","tech.2","tech.4",185,225,290
100,"yes","yes","yr2007",2007,0,0,0,37,19,38,"tech.2","tech.3","tech.2",175,330,90
1,"yes","no","yr2008",2008,0,1,0,37,19,28,"tech.1","tech.4","tech.2",100,330,20
2,"no","no","yr2008",2008,0,0,0,24,27,35,"tech.1","tech.3","tech.1",5,0,200
3,"no","no","yr2008",2008,0,0,1,32,31,36,"tech.2","tech.3","tech.3",255,230,145
4,"yes","no","yr2008",2008,1,0,1,31,35,32,"tech.2","tech.3","tech.2",225,155,255
5,"no","no","yr2008",2008,0,0,0,40,37,19,"tech.3","tech.2","tech.2",150,130,345
6,"yes","no","yr2008",2008,0,0,0,9,31,18,"tech.2","tech.4","tech.4",360,50,315
7,"no","no","yr2008",2008,0,0,1,29,33,26,"tech.4","tech.4","tech.1",200,140,30
8,"yes","yes","yr2008",2008,0,0,0,30,29,34,"tech.3","tech.3","tech.4",25,190,230
9,"no","no","yr2008",2008,0,0,0,29,25,27,"tech.3","tech.4","tech.2",155,250,105
10,"yes","no","yr2008",2008,0,1,0,17,15,26,"tech.4","tech.3","tech.2",275,335,80
11,"yes","no","yr2008",2008,0,1,1,25,30,26,"tech.1","tech.1","tech.2",235,180,295
12,"yes","no","yr2008",2008,1,0,0,52,38,37,"tech.3","tech.4","tech.3",85,240,30
13,"yes","yes","yr2008",2008,0,1,1,25,18,14,"tech.3","tech.4","tech.1",60,20,330
14,"yes","yes","yr2008",2008,0,0,0,11,11,15,"tech.1","tech.3","tech.2",100,255,30
15,"no","no","yr2008",2008,0,1,1,12,12,15,"tech.1","tech.1","tech.1",120,145,120
16,"no","no","yr2008",2008,0,0,0,12,13,16,"tech.3","tech.2","tech.4",85,290,145
17,"yes","no","yr2008",2008,0,0,0,37,22,31,"tech.4","tech.1","tech.1",130,15,95
18,"no","no","yr2008",2008,0,1,0,24,33,22,"tech.4","tech.1","tech.2",290,75,0
19,"yes","no","yr2008",2008,0,0,0,21,36,26,"tech.2","tech.1","tech.3",60,180,135
20,"yes","no","yr2008",2008,1,0,0,16,30,23,"tech.2","tech.4","tech.1",350,165,40
21,"yes","no","yr2008",2008,0,0,0,11,16,10,"tech.4","tech.1","tech.4",70,250,5
22,"yes","no","yr2008",2008,1,0,0,27,33,28,"tech.1","tech.3","tech.2",60,195,250
23,"no","no","yr2008",2008,0,0,0,21,22,13,"tech.4","tech.4","tech.4",130,285,325
24,"no","no","yr2008",2008,0,0,0,10,5,10,"tech.2","tech.3","tech.4",110,280,260
25,"no","no","yr2008",2008,0,0,0,15,16,26,"tech.4","tech.1","tech.2",295,340,265
26,"yes","no","yr2008",2008,1,1,1,2,10,8,"tech.2","tech.1","tech.3",320,235,60
27,"no","no","yr2008",2008,1,0,1,13,26,18,"tech.2","tech.3","tech.1",285,250,305
28,"no","no","yr2008",2008,1,0,0,11,5,6,"tech.1","tech.3","tech.3",175,295,300
29,"no","no","yr2008",2008,0,1,0,8,5,9,"tech.4","tech.4","tech.4",175,15,170
30,"yes","no","yr2008",2008,0,1,0,7,5,5,"tech.4","tech.2","tech.3",105,160,50
31,"no","no","yr2008",2008,0,0,0,21,13,20,"tech.4","tech.4","tech.4",210,295,240
32,"no","no","yr2008",2008,0,0,0,10,4,6,"tech.3","tech.3","tech.1",90,315,40
33,"no","no","yr2008",2008,1,0,0,2,5,5,"tech.4","tech.2","tech.4",305,250,105
34,"no","no","yr2008",2008,1,0,1,10,12,5,"tech.3","tech.3","tech.2",185,195,330
35,"yes","no","yr2008",2008,0,0,0,7,5,13,"tech.2","tech.3","tech.1",5,290,120
36,"no","no","yr2008",2008,0,1,0,27,23,40,"tech.3","tech.1","tech.3",360,335,100
37,"yes","no","yr2008",2008,0,0,0,5,3,5,"tech.4","tech.2","tech.1",295,280,110
38,"yes","no","yr2008",2008,0,0,0,4,4,4,"tech.2","tech.1","tech.3",270,305,105
39,"yes","yes","yr2008",2008,0,0,1,3,2,5,"tech.3","tech.2","tech.2",140,295,145
40,"no","no","yr2008",2008,0,1,0,13,13,26,"tech.4","tech.2","tech.4",300,0,145
41,"no","no","yr2008",2008,1,0,1,42,43,25,"tech.2","tech.4","tech.2",75,115,300
42,"no","no","yr2008",2008,0,1,1,29,20,20,"tech.3","tech.2","tech.3",175,130,40
43,"no","no","yr2008",2008,1,1,1,5,6,6,"tech.2","tech.1","tech.3",255,310,65
44,"yes","no","yr2008",2008,0,0,1,2,3,1,"tech.3","tech.2","tech.1",230,155,290
45,"yes","no","yr2008",2008,0,0,0,49,23,33,"tech.3","tech.3","tech.3",80,340,310
46,"yes","yes","yr2008",2008,0,1,0,5,3,5,"tech.2","tech.2","tech.4",95,170,245
47,"no","no","yr2008",2008,0,0,0,16,24,2,"tech.4","tech.4","tech.1",15,105,360
48,"no","no","yr2008",2008,1,0,1,2,1,2,"tech.3","tech.3","tech.1",125,320,260
49,"yes","no","yr2008",2008,0,0,0,3,2,2,"tech.2","tech.4","tech.2",60,310,325
50,"yes","no","yr2008",2008,0,0,0,61,28,51,"tech.1","tech.1","tech.1",215,355,5
51,"no","no","yr2008",2008,0,0,1,3,1,3,"tech.4","tech.4","tech.2",255,310,175
52,"yes","no","yr2008",2008,0,0,0,77,108,118,"tech.1","tech.3","tech.4",300,70,115
53,"no","no","yr2008",2008,0,0,0,1,2,3,"tech.4","tech.4","tech.3",285,360,260
54,"no","no","yr2008",2008,0,1,0,18,15,13,"tech.3","tech.1","tech.4",105,210,235
55,"yes","no","yr2008",2008,0,0,0,148,130,178,"tech.2","tech.4","tech.2",55,45,170
56,"yes","no","yr2008",2008,0,0,0,0,1,0,"tech.3","tech.1","tech.2",290,325,5
57,"no","no","yr2008",2008,0,0,0,4,4,1,"tech.3","tech.2","tech.4",325,80,55
58,"yes","yes","yr2008",2008,0,0,0,1,1,1,"tech.4","tech.3","tech.1",120,60,45
59,"no","no","yr2008",2008,0,0,0,11,26,22,"tech.3","tech.3","tech.4",360,255,30
60,"yes","no","yr2008",2008,0,0,1,23,21,18,"tech.4","tech.2","tech.1",10,260,100
61,"no","no","yr2008",2008,0,0,0,5,9,2,"tech.3","tech.1","tech.2",230,120,350
62,"yes","yes","yr2008",2008,0,0,0,2,0,0,"tech.1","tech.3","tech.3",15,25,340
63,"no","no","yr2008",2008,0,0,0,3,3,1,"tech.3","tech.4","tech.3",205,115,315
64,"no","no","yr2008",2008,0,0,0,30,39,53,"tech.4","tech.1","tech.1",315,275,190
65,"yes","no","yr2008",2008,0,0,1,1,0,0,"tech.3","tech.4","tech.2",315,255,325
66,"no","no","yr2008",2008,0,1,1,0,0,0,"tech.2","tech.2","tech.1",320,140,185
67,"no","no","yr2008",2008,0,0,0,5,7,6,"tech.4","tech.4","tech.4",100,65,245
68,"yes","yes","yr2008",2008,0,0,0,6,12,5,"tech.2","tech.4","tech.2",250,220,5
69,"yes","yes","yr2008",2008,0,0,0,1,2,2,"tech.2","tech.3","tech.1",120,60,65
70,"no","no","yr2008",2008,0,0,0,2,1,1,"tech.4","tech.4","tech.4",355,90,100
71,"yes","no","yr2008",2008,0,1,0,6,4,5,"tech.3","tech.1","tech.4",260,35,220
72,"no","no","yr2008",2008,0,0,0,116,113,142,"tech.1","tech.2","tech.4",25,305,240
73,"no","no","yr2008",2008,0,1,0,2,1,2,"tech.1","tech.1","tech.4",220,160,140
74,"no","no","yr2008",2008,0,1,1,17,16,12,"tech.4","tech.2","tech.2",140,15,280
75,"yes","yes","yr2008",2008,0,0,0,0,0,1,"tech.1","tech.1","tech.2",20,15,130
76,"yes","yes","yr2008",2008,1,1,0,127,94,132,"tech.2","tech.1","tech.4",110,30,120
77,"no","no","yr2008",2008,1,0,1,0,0,0,"tech.2","tech.4","tech.1",220,90,340
78,"no","no","yr2008",2008,0,0,0,2,3,5,"tech.4","tech.1","tech.1",230,0,110
79,"yes","no","yr2008",2008,0,0,0,2,2,1,"tech.3","tech.4","tech.4",185,225,30
80,"no","no","yr2008",2008,0,0,1,0,0,0,"tech.4","tech.4","tech.4",100,285,125
81,"no","no","yr2008",2008,0,0,1,22,19,26,"tech.3","tech.3","tech.2",115,165,130
82,"no","no","yr2008",2008,0,0,0,2,0,0,"tech.3","tech.3","tech.4",190,200,185
83,"yes","yes","yr2008",2008,0,0,0,0,0,0,"tech.3","tech.2","tech.2",170,115,140
84,"yes","yes","yr2008",2008,1,0,0,33,35,21,"tech.1","tech.3","tech.2",175,95,345
85,"no","no","yr2008",2008,0,0,1,2,2,1,"tech.1","tech.1","tech.1",170,235,85
86,"yes","yes","yr2008",2008,0,0,0,0,0,0,"tech.1","tech.2","tech.2",340,315,55
87,"no","no","yr2008",2008,0,0,0,26,28,40,"tech.2","tech.4","tech.4",325,305,175
88,"yes","no","yr2008",2008,0,0,0,9,9,8,"tech.1","tech.2","tech.3",20,75,175
89,"no","no","yr2008",2008,0,0,0,0,0,0,"tech.4","tech.4","tech.3",360,155,145
90,"no","no","yr2008",2008,0,0,0,7,5,5,"tech.3","tech.2","tech.4",285,10,115
91,"yes","yes","yr2008",2008,0,0,0,5,3,2,"tech.2","tech.4","tech.3",65,0,175
92,"yes","no","yr2008",2008,1,0,0,1,0,1,"tech.2","tech.4","tech.3",95,325,130
93,"yes","yes","yr2008",2008,0,1,0,5,2,4,"tech.4","tech.2","tech.4",260,355,100
94,"yes","yes","yr2008",2008,0,1,0,3,11,7,"tech.1","tech.1","tech.1",5,135,275
95,"yes","yes","yr2008",2008,0,0,0,1,2,0,"tech.4","tech.4","tech.3",295,310,360
96,"no","no","yr2008",2008,0,0,0,1,0,0,"tech.3","tech.2","tech.1",60,175,265
97,"yes","no","yr2008",2008,0,0,0,37,48,34,"tech.4","tech.1","tech.2",55,120,15
98,"yes","yes","yr2008",2008,0,0,0,1,1,1,"tech.3","tech.4","tech.4",340,260,35
99,"no","no","yr2008",2008,0,0,0,0,2,1,"tech.4","tech.4","tech.1",30,130,150
100,"yes","yes","yr2008",2008,0,1,0,36,51,47,"tech.4","tech.4","tech.4",295,160,230
1,"yes","no","yr2009",2009,0,0,0,20,15,31,"tech.2","tech.2","tech.3",15,360,20
2,"no","no","yr2009",2009,0,0,0,34,23,37,"tech.3","tech.1","tech.2",220,305,135
3,"no","no","yr2009",2009,1,0,1,36,30,35,"tech.2","tech.3","tech.2",190,260,230
4,"yes","no","yr2009",2009,0,0,0,29,28,40,"tech.1","tech.3","tech.1",60,215,165
5,"no","no","yr2009",2009,1,0,0,24,34,37,"tech.2","tech.4","tech.1",320,245,160
6,"yes","no","yr2009",2009,0,0,0,28,29,23,"tech.4","tech.3","tech.3",140,90,255
7,"no","no","yr2009",2009,0,0,0,28,29,26,"tech.3","tech.4","tech.3",25,55,60
8,"yes","yes","yr2009",2009,0,0,0,31,30,19,"tech.1","tech.4","tech.3",170,70,330
9,"no","no","yr2009",2009,0,1,0,11,25,25,"tech.3","tech.4","tech.2",345,265,10
10,"yes","no","yr2009",2009,0,1,0,7,14,17,"tech.2","tech.1","tech.4",360,40,305
11,"yes","no","yr2009",2009,1,0,1,20,29,28,"tech.1","tech.3","tech.1",15,145,205
12,"yes","no","yr2009",2009,0,0,0,41,41,35,"tech.1","tech.4","tech.2",125,170,20
13,"yes","yes","yr2009",2009,0,0,0,10,31,29,"tech.3","tech.3","tech.1",340,105,180
14,"yes","yes","yr2009",2009,1,0,1,13,18,18,"tech.1","tech.2","tech.1",175,225,0
15,"no","no","yr2009",2009,0,0,0,9,14,13,"tech.2","tech.3","tech.4",250,185,175
16,"no","no","yr2009",2009,0,0,1,12,14,9,"tech.2","tech.2","tech.1",245,275,310
17,"yes","no","yr2009",2009,0,0,0,34,28,32,"tech.4","tech.1","tech.3",185,170,135
18,"no","no","yr2009",2009,1,1,0,24,26,39,"tech.3","tech.4","tech.4",260,25,145
19,"yes","no","yr2009",2009,0,0,0,25,27,20,"tech.1","tech.3","tech.3",180,240,5
20,"yes","no","yr2009",2009,0,0,0,26,24,16,"tech.2","tech.4","tech.1",165,235,280
21,"yes","no","yr2009",2009,1,0,0,11,9,13,"tech.1","tech.4","tech.3",250,0,240
22,"yes","no","yr2009",2009,0,0,0,34,27,26,"tech.4","tech.1","tech.1",125,290,285
23,"no","no","yr2009",2009,0,0,0,13,19,19,"tech.2","tech.1","tech.3",0,40,160
24,"no","no","yr2009",2009,0,0,0,7,4,5,"tech.3","tech.3","tech.4",305,355,230
25,"no","no","yr2009",2009,1,0,0,20,22,24,"tech.1","tech.4","tech.4",280,270,70
26,"yes","no","yr2009",2009,0,1,0,8,9,7,"tech.2","tech.1","tech.4",130,135,70
27,"no","no","yr2009",2009,0,0,0,24,20,27,"tech.2","tech.3","tech.2",35,185,205
28,"no","no","yr2009",2009,0,0,1,9,7,4,"tech.2","tech.4","tech.1",215,310,325
29,"no","no","yr2009",2009,1,0,0,3,7,7,"tech.1","tech.2","tech.3",290,80,270
30,"yes","no","yr2009",2009,0,0,0,4,3,3,"tech.3","tech.4","tech.3",160,295,10
31,"no","no","yr2009",2009,1,1,1,17,9,19,"tech.3","tech.1","tech.3",255,330,225
32,"no","no","yr2009",2009,0,0,1,9,5,8,"tech.4","tech.2","tech.2",180,55,95
33,"no","no","yr2009",2009,0,0,0,5,6,6,"tech.4","tech.4","tech.4",145,115,120
34,"no","no","yr2009",2009,0,0,0,11,6,11,"tech.3","tech.4","tech.4",215,165,180
35,"yes","no","yr2009",2009,0,0,0,8,11,9,"tech.2","tech.2","tech.4",100,135,135
36,"no","no","yr2009",2009,0,1,0,44,24,44,"tech.4","tech.2","tech.1",155,340,215
37,"yes","no","yr2009",2009,0,1,1,7,3,6,"tech.2","tech.3","tech.4",125,35,80
38,"yes","no","yr2009",2009,0,1,1,4,0,5,"tech.3","tech.2","tech.1",320,325,210
39,"yes","yes","yr2009",2009,0,1,0,1,2,2,"tech.2","tech.1","tech.3",105,310,290
40,"no","no","yr2009",2009,0,0,0,14,19,22,"tech.3","tech.4","tech.4",275,115,155
41,"no","no","yr2009",2009,1,0,0,33,45,43,"tech.2","tech.4","tech.3",285,225,135
42,"no","no","yr2009",2009,0,0,1,26,23,13,"tech.4","tech.4","tech.4",195,160,305
43,"no","no","yr2009",2009,0,0,0,4,7,7,"tech.4","tech.1","tech.3",345,340,50
44,"yes","no","yr2009",2009,0,0,0,1,0,1,"tech.3","tech.3","tech.2",195,5,340
45,"yes","no","yr2009",2009,0,0,0,16,48,56,"tech.3","tech.4","tech.3",360,150,185
46,"yes","yes","yr2009",2009,1,0,0,2,1,4,"tech.2","tech.3","tech.1",20,255,45
47,"no","no","yr2009",2009,0,0,0,17,22,16,"tech.2","tech.3","tech.2",75,190,245
48,"no","no","yr2009",2009,0,1,1,1,1,0,"tech.4","tech.2","tech.2",345,110,225
49,"yes","no","yr2009",2009,1,0,1,6,5,3,"tech.2","tech.4","tech.2",80,205,340
50,"yes","no","yr2009",2009,0,0,0,64,71,70,"tech.3","tech.2","tech.4",115,195,195
51,"no","no","yr2009",2009,0,0,0,3,3,0,"tech.3","tech.3","tech.1",270,240,290
52,"yes","no","yr2009",2009,0,0,0,81,108,141,"tech.4","tech.3","tech.3",310,40,115
53,"no","no","yr2009",2009,0,0,1,1,2,1,"tech.3","tech.2","tech.3",265,115,15
54,"no","no","yr2009",2009,0,1,0,18,17,6,"tech.1","tech.1","tech.1",115,90,355
55,"yes","no","yr2009",2009,0,0,0,199,213,198,"tech.4","tech.2","tech.2",65,95,130
56,"yes","no","yr2009",2009,1,0,0,0,0,0,"tech.2","tech.3","tech.1",210,95,15
57,"no","no","yr2009",2009,1,0,0,3,2,4,"tech.3","tech.3","tech.4",270,300,165
58,"yes","yes","yr2009",2009,0,0,0,0,1,0,"tech.2","tech.3","tech.3",125,360,360
59,"no","no","yr2009",2009,0,0,0,30,22,17,"tech.2","tech.4","tech.1",105,115,35
60,"yes","no","yr2009",2009,0,0,0,20,15,26,"tech.3","tech.4","tech.1",160,230,75
61,"no","no","yr2009",2009,0,0,0,1,2,4,"tech.2","tech.4","tech.4",335,290,120
62,"yes","yes","yr2009",2009,0,0,0,0,1,0,"tech.3","tech.2","tech.1",345,230,40
63,"no","no","yr2009",2009,0,0,0,1,0,1,"tech.4","tech.3","tech.2",290,20,270
64,"no","no","yr2009",2009,0,0,0,66,68,42,"tech.3","tech.3","tech.2",160,190,320
65,"yes","no","yr2009",2009,0,0,0,0,0,1,"tech.1","tech.3","tech.4",15,165,95
66,"no","no","yr2009",2009,1,1,0,0,0,0,"tech.1","tech.2","tech.4",95,40,360
67,"no","no","yr2009",2009,0,0,0,8,8,3,"tech.2","tech.4","tech.2",45,245,350
68,"yes","yes","yr2009",2009,0,1,0,7,7,6,"tech.3","tech.2","tech.2",140,70,20
69,"yes","yes","yr2009",2009,0,0,0,2,2,2,"tech.2","tech.4","tech.1",40,135,85
70,"no","no","yr2009",2009,0,0,1,3,2,1,"tech.4","tech.4","tech.1",280,115,135
71,"yes","no","yr2009",2009,0,0,0,5,7,4,"tech.1","tech.3","tech.1",165,30,300
72,"no","no","yr2009",2009,0,0,0,172,111,137,"tech.1","tech.1","tech.2",65,315,290
73,"no","no","yr2009",2009,0,0,0,1,2,3,"tech.3","tech.3","tech.4",310,280,170
74,"no","no","yr2009",2009,0,1,1,10,12,7,"tech.3","tech.1","tech.2",345,140,0
75,"yes","yes","yr2009",2009,0,1,1,0,0,1,"tech.4","tech.3","tech.2",170,355,285
76,"yes","yes","yr2009",2009,0,1,0,62,121,112,"tech.4","tech.1","tech.2",350,80,235
77,"no","no","yr2009",2009,0,1,1,0,0,0,"tech.4","tech.2","tech.1",330,255,145
78,"no","no","yr2009",2009,0,0,0,2,1,3,"tech.1","tech.2","tech.2",325,310,300
79,"yes","no","yr2009",2009,0,1,0,3,2,3,"tech.1","tech.1","tech.3",230,155,5
80,"no","no","yr2009",2009,1,0,0,0,0,0,"tech.1","tech.4","tech.1",170,310,300
81,"no","no","yr2009",2009,0,1,0,20,17,14,"tech.3","tech.1","tech.2",80,185,335
82,"no","no","yr2009",2009,1,0,0,1,1,1,"tech.3","tech.3","tech.2",250,250,250
83,"yes","yes","yr2009",2009,1,0,0,0,0,0,"tech.2","tech.3","tech.1",40,360,345
84,"yes","yes","yr2009",2009,0,0,1,31,31,19,"tech.4","tech.3","tech.2",270,260,310
85,"no","no","yr2009",2009,0,0,1,1,1,0,"tech.3","tech.2","tech.2",30,105,180
86,"yes","yes","yr2009",2009,0,0,1,0,0,0,"tech.2","tech.2","tech.3",240,335,140
87,"no","no","yr2009",2009,1,1,0,34,36,14,"tech.2","tech.3","tech.4",215,190,360
88,"yes","no","yr2009",2009,0,0,0,9,6,10,"tech.1","tech.4","tech.3",160,320,50
89,"no","no","yr2009",2009,0,0,0,0,0,0,"tech.4","tech.2","tech.1",130,255,295
90,"no","no","yr2009",2009,1,0,0,8,6,8,"tech.1","tech.3","tech.1",20,220,165
91,"yes","yes","yr2009",2009,0,0,0,3,2,4,"tech.4","tech.1","tech.2",285,285,30
92,"yes","no","yr2009",2009,0,0,0,0,0,0,"tech.3","tech.4","tech.2",75,350,245
93,"yes","yes","yr2009",2009,1,1,0,7,6,5,"tech.1","tech.1","tech.3",80,220,355
94,"yes","yes","yr2009",2009,0,0,1,9,6,5,"tech.3","tech.3","tech.2",185,310,350
95,"yes","yes","yr2009",2009,0,0,0,1,2,2,"tech.3","tech.3","tech.2",270,345,110
96,"no","no","yr2009",2009,0,0,0,1,1,1,"tech.3","tech.1","tech.1",130,45,255
97,"yes","no","yr2009",2009,0,0,0,50,27,51,"tech.4","tech.3","tech.3",190,300,190
98,"yes","yes","yr2009",2009,0,0,0,1,2,1,"tech.3","tech.2","tech.1",330,270,340
99,"no","no","yr2009",2009,0,0,0,1,0,1,"tech.4","tech.3","tech.3",115,95,255
100,"yes","yes","yr2009",2009,0,0,0,34,55,46,"tech.4","tech.1","tech.3",270,150,5
1,"yes","no","yr2010",2010,1,1,0,26,30,20,"tech.1","tech.1","tech.4",250,90,340
2,"no","no","yr2010",2010,0,0,0,28,40,39,"tech.4","tech.1","tech.3",290,50,180
3,"no","no","yr2010",2010,0,0,0,35,34,32,"tech.4","tech.1","tech.3",285,60,75
4,"yes","no","yr2010",2010,0,0,0,32,31,22,"tech.3","tech.2","tech.3",45,275,315
5,"no","no","yr2010",2010,0,1,0,31,19,30,"tech.3","tech.1","tech.2",95,275,240
6,"yes","no","yr2010",2010,0,0,0,22,30,19,"tech.4","tech.4","tech.3",35,135,320
7,"no","no","yr2010",2010,0,0,0,22,26,16,"tech.4","tech.3","tech.4",5,90,325
8,"yes","yes","yr2010",2010,0,0,0,24,30,35,"tech.2","tech.2","tech.4",305,75,265
9,"no","no","yr2010",2010,0,0,0,20,18,28,"tech.1","tech.1","tech.4",55,5,235
10,"yes","no","yr2010",2010,0,0,1,28,17,19,"tech.3","tech.4","tech.1",125,215,220
11,"yes","no","yr2010",2010,0,1,1,21,13,29,"tech.2","tech.2","tech.1",70,315,235
12,"yes","no","yr2010",2010,1,0,1,30,25,24,"tech.1","tech.1","tech.2",230,300,345
13,"yes","yes","yr2010",2010,0,1,0,28,22,20,"tech.1","tech.1","tech.4",70,20,5
14,"yes","yes","yr2010",2010,0,0,0,11,19,10,"tech.2","tech.1","tech.2",295,95,360
15,"no","no","yr2010",2010,0,0,0,10,10,10,"tech.1","tech.1","tech.4",130,165,0
16,"no","no","yr2010",2010,0,0,0,12,8,7,"tech.4","tech.3","tech.4",225,270,250
17,"yes","no","yr2010",2010,0,0,0,30,24,21,"tech.4","tech.4","tech.1",95,295,30
18,"no","no","yr2010",2010,0,1,0,31,36,21,"tech.2","tech.2","tech.3",220,225,315
19,"yes","no","yr2010",2010,0,0,0,20,22,20,"tech.4","tech.4","tech.2",315,90,0
20,"yes","no","yr2010",2010,0,0,1,21,22,26,"tech.4","tech.4","tech.3",270,255,115
21,"yes","no","yr2010",2010,0,0,0,12,12,6,"tech.4","tech.2","tech.3",85,215,15
22,"yes","no","yr2010",2010,0,0,0,42,42,34,"tech.1","tech.1","tech.1",75,215,145
23,"no","no","yr2010",2010,1,0,0,19,17,14,"tech.1","tech.2","tech.4",210,90,140
24,"no","no","yr2010",2010,0,0,0,4,6,4,"tech.4","tech.4","tech.2",30,230,280
25,"no","no","yr2010",2010,0,0,0,22,20,23,"tech.2","tech.3","tech.1",270,330,45
26,"yes","no","yr2010",2010,0,0,0,6,2,3,"tech.3","tech.4","tech.1",115,280,310
27,"no","no","yr2010",2010,0,0,0,24,24,26,"tech.1","tech.1","tech.2",95,285,220
28,"no","no","yr2010",2010,0,1,0,6,6,8,"tech.3","tech.2","tech.2",145,5,85
29,"no","no","yr2010",2010,1,0,0,5,7,3,"tech.1","tech.1","tech.3",25,150,215
30,"yes","no","yr2010",2010,0,1,0,4,3,7,"tech.4","tech.1","tech.3",45,110,10
31,"no","no","yr2010",2010,0,0,0,25,11,20,"tech.2","tech.2","tech.2",230,285,200
32,"no","no","yr2010",2010,0,1,0,7,2,8,"tech.1","tech.4","tech.2",165,270,190
33,"no","no","yr2010",2010,0,0,0,9,5,8,"tech.1","tech.1","tech.3",145,270,115
34,"no","no","yr2010",2010,1,0,0,8,8,6,"tech.3","tech.2","tech.1",0,40,55
35,"yes","no","yr2010",2010,0,0,0,6,7,5,"tech.1","tech.4","tech.3",320,35,90
36,"no","no","yr2010",2010,0,0,1,33,47,53,"tech.2","tech.3","tech.3",45,115,185
37,"yes","no","yr2010",2010,0,0,0,3,4,5,"tech.4","tech.1","tech.1",50,340,205
38,"yes","no","yr2010",2010,0,0,0,2,3,3,"tech.3","tech.4","tech.2",350,25,60
39,"yes","yes","yr2010",2010,0,0,0,1,3,1,"tech.3","tech.2","tech.4",60,150,335
40,"no","no","yr2010",2010,0,0,1,24,19,24,"tech.3","tech.4","tech.2",210,160,160
41,"no","no","yr2010",2010,0,0,0,43,36,16,"tech.4","tech.3","tech.4",55,0,350
42,"no","no","yr2010",2010,1,0,1,12,25,5,"tech.4","tech.3","tech.3",355,140,355
43,"no","no","yr2010",2010,1,0,1,5,3,6,"tech.1","tech.4","tech.2",195,295,330
44,"yes","no","yr2010",2010,0,0,0,3,2,4,"tech.4","tech.3","tech.4",100,260,275
45,"yes","no","yr2010",2010,0,0,0,25,27,31,"tech.3","tech.3","tech.3",350,335,320
46,"yes","yes","yr2010",2010,0,1,0,3,3,3,"tech.3","tech.1","tech.1",205,5,145
47,"no","no","yr2010",2010,0,0,0,19,12,18,"tech.1","tech.3","tech.3",285,35,305
48,"no","no","yr2010",2010,0,0,0,2,1,1,"tech.3","tech.1","tech.3",120,110,325
49,"yes","no","yr2010",2010,0,1,0,3,9,5,"tech.1","tech.2","tech.3",350,210,230
50,"yes","no","yr2010",2010,0,0,0,70,63,52,"tech.4","tech.2","tech.3",170,90,265
51,"no","no","yr2010",2010,0,0,0,3,1,2,"tech.3","tech.1","tech.2",20,5,190
52,"yes","no","yr2010",2010,0,0,0,143,141,131,"tech.3","tech.3","tech.1",225,95,35
53,"no","no","yr2010",2010,0,0,0,3,2,1,"tech.2","tech.1","tech.1",155,220,130
54,"no","no","yr2010",2010,1,0,0,8,5,13,"tech.1","tech.3","tech.2",300,360,75
55,"yes","no","yr2010",2010,1,0,1,135,260,196,"tech.4","tech.2","tech.2",335,170,65
56,"yes","no","yr2010",2010,0,1,0,1,0,1,"tech.4","tech.1","tech.2",230,335,285
57,"no","no","yr2010",2010,1,0,0,1,1,1,"tech.3","tech.2","tech.1",215,65,190
58,"yes","yes","yr2010",2010,0,0,0,1,0,1,"tech.4","tech.1","tech.3",310,360,290
59,"no","no","yr2010",2010,0,0,0,32,15,30,"tech.2","tech.4","tech.3",170,310,225
60,"yes","no","yr2010",2010,0,0,0,18,25,12,"tech.2","tech.3","tech.3",90,180,285
61,"no","no","yr2010",2010,0,0,0,4,5,6,"tech.2","tech.2","tech.3",275,220,165
62,"yes","yes","yr2010",2010,0,0,0,1,1,1,"tech.4","tech.3","tech.3",310,170,285
63,"no","no","yr2010",2010,0,0,1,1,1,2,"tech.3","tech.4","tech.1",0,10,240
64,"no","no","yr2010",2010,0,0,0,44,54,56,"tech.4","tech.4","tech.4",305,60,110
65,"yes","no","yr2010",2010,0,0,0,1,1,1,"tech.1","tech.4","tech.4",115,215,130
66,"no","no","yr2010",2010,1,1,0,0,0,0,"tech.2","tech.4","tech.1",360,160,275
67,"no","no","yr2010",2010,1,0,0,8,2,4,"tech.3","tech.3","tech.4",85,330,210
68,"yes","yes","yr2010",2010,0,0,0,7,2,10,"tech.3","tech.4","tech.4",135,310,135
69,"yes","yes","yr2010",2010,0,0,0,1,1,1,"tech.4","tech.1","tech.3",140,110,215
70,"no","no","yr2010",2010,0,1,0,1,3,2,"tech.4","tech.3","tech.3",185,145,275
71,"yes","no","yr2010",2010,1,1,0,5,4,5,"tech.1","tech.1","tech.2",65,70,280
72,"no","no","yr2010",2010,0,0,0,149,122,189,"tech.1","tech.4","tech.1",275,320,110
73,"no","no","yr2010",2010,0,0,0,3,2,1,"tech.3","tech.4","tech.4",250,215,40
74,"no","no","yr2010",2010,0,1,1,7,11,10,"tech.3","tech.1","tech.2",330,45,10
75,"yes","yes","yr2010",2010,0,1,1,1,0,1,"tech.4","tech.2","tech.2",115,335,45
76,"yes","yes","yr2010",2010,0,0,0,122,133,91,"tech.3","tech.4","tech.2",75,155,10
77,"no","no","yr2010",2010,0,0,0,0,0,0,"tech.3","tech.3","tech.3",240,355,280
78,"no","no","yr2010",2010,0,0,0,1,6,4,"tech.3","tech.3","tech.4",350,100,315
79,"yes","no","yr2010",2010,1,0,0,2,1,3,"tech.2","tech.4","tech.2",360,345,100
80,"no","no","yr2010",2010,0,0,0,0,0,0,"tech.1","tech.4","tech.1",260,55,260
81,"no","no","yr2010",2010,0,0,1,18,13,13,"tech.4","tech.3","tech.1",315,180,100
82,"no","no","yr2010",2010,0,0,0,2,1,2,"tech.2","tech.4","tech.2",115,135,195
83,"yes","yes","yr2010",2010,0,0,0,0,0,0,"tech.1","tech.1","tech.4",155,95,345
84,"yes","yes","yr2010",2010,1,0,0,20,30,25,"tech.3","tech.3","tech.4",35,35,40
85,"no","no","yr2010",2010,0,0,1,1,0,0,"tech.4","tech.2","tech.1",270,310,195
86,"yes","yes","yr2010",2010,0,1,0,0,0,0,"tech.2","tech.2","tech.1",15,220,355
87,"no","no","yr2010",2010,0,0,0,27,34,28,"tech.2","tech.1","tech.2",5,190,260
88,"yes","no","yr2010",2010,0,0,0,7,9,2,"tech.4","tech.4","tech.4",185,100,345
89,"no","no","yr2010",2010,0,0,0,0,0,0,"tech.2","tech.3","tech.1",30,30,175
90,"no","no","yr2010",2010,0,0,0,7,3,7,"tech.2","tech.4","tech.1",250,315,180
91,"yes","yes","yr2010",2010,0,0,0,2,1,2,"tech.4","tech.3","tech.3",215,310,225
92,"yes","no","yr2010",2010,0,0,0,0,1,0,"tech.1","tech.2","tech.2",130,195,115
93,"yes","yes","yr2010",2010,1,1,1,9,8,5,"tech.2","tech.3","tech.2",205,210,215
94,"yes","yes","yr2010",2010,0,0,0,6,4,7,"tech.4","tech.4","tech.4",185,260,240
95,"yes","yes","yr2010",2010,0,0,1,1,2,3,"tech.4","tech.4","tech.1",120,250,145
96,"no","no","yr2010",2010,0,0,0,0,1,1,"tech.1","tech.4","tech.4",150,75,150
97,"yes","no","yr2010",2010,0,0,0,26,52,46,"tech.2","tech.4","tech.4",330,170,155
98,"yes","yes","yr2010",2010,0,1,1,1,1,0,"tech.2","tech.1","tech.2",315,210,220
99,"no","no","yr2010",2010,0,0,0,1,1,2,"tech.2","tech.1","tech.4",75,280,155
100,"yes","yes","yr2010",2010,0,0,0,52,42,51,"tech.2","tech.4","tech.1",120,25,80
1,"yes","no","yr2011",2011,0,0,0,13,22,29,"tech.1","tech.1","tech.1",345,310,255
2,"no","no","yr2011",2011,0,0,0,17,17,35,"tech.2","tech.1","tech.1",345,355,55
3,"no","no","yr2011",2011,1,1,0,30,40,32,"tech.1","tech.1","tech.4",145,185,115
4,"yes","no","yr2011",2011,0,0,0,40,19,36,"tech.3","tech.1","tech.1",210,320,160
5,"no","no","yr2011",2011,0,0,1,22,23,36,"tech.4","tech.4","tech.1",330,70,30
6,"yes","no","yr2011",2011,0,0,0,13,30,20,"tech.2","tech.3","tech.2",355,85,290
7,"no","no","yr2011",2011,0,0,0,24,21,27,"tech.4","tech.1","tech.1",295,305,145
8,"yes","yes","yr2011",2011,1,0,0,33,34,22,"tech.1","tech.1","tech.4",175,175,280
9,"no","no","yr2011",2011,0,0,0,29,23,29,"tech.1","tech.1","tech.4",205,265,95
10,"yes","no","yr2011",2011,0,0,0,17,18,19,"tech.3","tech.1","tech.4",160,215,0
11,"yes","no","yr2011",2011,0,1,0,21,30,21,"tech.2","tech.4","tech.4",55,185,305
12,"yes","no","yr2011",2011,0,0,1,41,14,26,"tech.4","tech.4","tech.2",230,325,305
13,"yes","yes","yr2011",2011,0,0,0,24,26,18,"tech.4","tech.4","tech.2",115,230,295
14,"yes","yes","yr2011",2011,0,0,0,22,10,22,"tech.3","tech.4","tech.3",165,345,160
15,"no","no","yr2011",2011,0,0,0,8,6,6,"tech.2","tech.1","tech.4",260,325,310
16,"no","no","yr2011",2011,0,0,0,9,3,9,"tech.1","tech.3","tech.4",180,360,30
17,"yes","no","yr2011",2011,0,0,0,26,25,33,"tech.1","tech.4","tech.4",255,255,125
18,"no","no","yr2011",2011,0,0,1,31,27,32,"tech.4","tech.4","tech.1",95,10,245
19,"yes","no","yr2011",2011,0,0,0,15,15,17,"tech.1","tech.1","tech.2",315,335,310
20,"yes","no","yr2011",2011,0,0,1,23,13,22,"tech.3","tech.2","tech.1",120,340,85
21,"yes","no","yr2011",2011,0,0,0,7,11,9,"tech.4","tech.1","tech.2",130,180,230
22,"yes","no","yr2011",2011,1,0,0,34,31,36,"tech.1","tech.3","tech.4",170,45,140
23,"no","no","yr2011",2011,0,0,0,18,7,9,"tech.2","tech.2","tech.4",210,325,0
24,"no","no","yr2011",2011,0,0,0,5,6,3,"tech.4","tech.3","tech.3",305,75,10
25,"no","no","yr2011",2011,0,0,0,24,27,36,"tech.4","tech.1","tech.4",60,180,140
26,"yes","no","yr2011",2011,0,0,0,4,4,6,"tech.3","tech.4","tech.1",95,280,85
27,"no","no","yr2011",2011,0,0,0,25,24,18,"tech.1","tech.2","tech.1",145,195,15
28,"no","no","yr2011",2011,0,0,1,8,4,7,"tech.3","tech.3","tech.4",125,10,200
29,"no","no","yr2011",2011,0,0,0,0,3,5,"tech.2","tech.3","tech.2",335,15,70
30,"yes","no","yr2011",2011,0,0,0,3,2,2,"tech.2","tech.3","tech.1",60,5,310
31,"no","no","yr2011",2011,0,0,0,19,20,17,"tech.1","tech.3","tech.2",40,205,130
32,"no","no","yr2011",2011,0,0,1,1,4,4,"tech.2","tech.2","tech.1",355,25,105
33,"no","no","yr2011",2011,1,0,0,5,5,2,"tech.1","tech.1","tech.2",190,310,345
34,"no","no","yr2011",2011,0,0,0,8,5,5,"tech.1","tech.2","tech.1",145,165,45
35,"yes","no","yr2011",2011,0,0,0,6,4,7,"tech.3","tech.2","tech.3",305,305,210
36,"no","no","yr2011",2011,0,0,0,42,54,37,"tech.1","tech.2","tech.4",250,180,310
37,"yes","no","yr2011",2011,0,0,0,2,3,1,"tech.2","tech.4","tech.2",190,95,330
38,"yes","no","yr2011",2011,0,0,0,2,1,3,"tech.3","tech.2","tech.3",300,295,55
39,"yes","yes","yr2011",2011,0,0,0,1,2,2,"tech.4","tech.2","tech.1",95,210,240
40,"no","no","yr2011",2011,1,0,0,19,20,19,"tech.1","tech.3","tech.4",90,160,270
41,"no","no","yr2011",2011,0,0,0,39,28,32,"tech.3","tech.4","tech.2",90,315,65
42,"no","no","yr2011",2011,0,0,0,15,24,22,"tech.1","tech.2","tech.2",305,95,175
43,"no","no","yr2011",2011,0,0,0,4,1,1,"tech.4","tech.2","tech.4",45,360,45
44,"yes","no","yr2011",2011,0,0,0,1,1,1,"tech.3","tech.1","tech.3",275,30,275
45,"yes","no","yr2011",2011,1,0,0,53,37,48,"tech.2","tech.4","tech.3",260,275,30
46,"yes","yes","yr2011",2011,1,0,0,2,1,0,"tech.2","tech.2","tech.1",160,45,295
47,"no","no","yr2011",2011,1,0,1,10,9,11,"tech.1","tech.4","tech.2",305,315,325
48,"no","no","yr2011",2011,0,0,0,0,0,1,"tech.2","tech.4","tech.2",140,125,10
49,"yes","no","yr2011",2011,0,0,0,4,6,3,"tech.1","tech.4","tech.4",310,170,55
50,"yes","no","yr2011",2011,0,0,0,75,58,57,"tech.2","tech.1","tech.4",145,25,15
51,"no","no","yr2011",2011,0,0,0,2,1,1,"tech.1","tech.2","tech.2",220,320,245
52,"yes","no","yr2011",2011,0,0,1,187,206,197,"tech.1","tech.4","tech.2",50,165,175
53,"no","no","yr2011",2011,0,0,0,1,1,2,"tech.3","tech.3","tech.1",235,270,160
54,"no","no","yr2011",2011,0,0,0,13,19,11,"tech.2","tech.2","tech.2",60,45,170
55,"yes","no","yr2011",2011,0,0,0,164,201,278,"tech.1","tech.4","tech.1",360,335,10
56,"yes","no","yr2011",2011,0,0,0,0,0,0,"tech.1","tech.4","tech.3",70,85,215
57,"no","no","yr2011",2011,0,0,0,1,1,1,"tech.2","tech.3","tech.3",360,325,290
58,"yes","yes","yr2011",2011,0,0,0,0,1,1,"tech.4","tech.4","tech.4",35,25,105
59,"no","no","yr2011",2011,0,0,0,20,9,23,"tech.4","tech.3","tech.1",290,360,195
60,"yes","no","yr2011",2011,0,0,0,19,18,22,"tech.2","tech.2","tech.3",205,305,275
61,"no","no","yr2011",2011,0,0,0,2,3,4,"tech.1","tech.3","tech.4",350,110,295
62,"yes","yes","yr2011",2011,0,0,0,1,1,1,"tech.2","tech.2","tech.4",85,215,270
63,"no","no","yr2011",2011,0,0,0,2,1,0,"tech.3","tech.1","tech.4",300,205,120
64,"no","no","yr2011",2011,0,0,0,48,56,67,"tech.2","tech.3","tech.3",290,15,205
65,"yes","no","yr2011",2011,0,0,0,0,1,0,"tech.4","tech.4","tech.4",290,5,15
66,"no","no","yr2011",2011,0,0,0,0,0,0,"tech.1","tech.2","tech.4",35,350,225
67,"no","no","yr2011",2011,0,0,0,5,2,6,"tech.1","tech.2","tech.2",145,145,35
68,"yes","yes","yr2011",2011,0,0,0,6,5,5,"tech.3","tech.2","tech.3",110,45,20
69,"yes","yes","yr2011",2011,0,0,0,1,1,0,"tech.3","tech.3","tech.3",225,205,55
70,"no","no","yr2011",2011,0,0,0,2,2,0,"tech.3","tech.4","tech.3",180,235,5
71,"yes","no","yr2011",2011,0,1,1,3,3,5,"tech.2","tech.1","tech.3",275,165,140
72,"no","no","yr2011",2011,0,0,0,266,229,101,"tech.1","tech.1","tech.2",135,240,355
73,"no","no","yr2011",2011,0,0,0,2,3,1,"tech.3","tech.4","tech.3",100,75,280
74,"no","no","yr2011",2011,0,0,0,9,11,9,"tech.3","tech.2","tech.3",65,250,185
75,"yes","yes","yr2011",2011,0,0,0,0,0,0,"tech.3","tech.1","tech.3",0,210,130
76,"yes","yes","yr2011",2011,0,0,0,164,169,121,"tech.2","tech.2","tech.2",210,160,0
77,"no","no","yr2011",2011,0,0,0,0,0,0,"tech.3","tech.3","tech.4",355,45,190
78,"no","no","yr2011",2011,0,0,0,3,0,2,"tech.3","tech.1","tech.4",115,15,215
79,"yes","no","yr2011",2011,0,0,0,3,2,3,"tech.4","tech.1","tech.2",65,140,10
80,"no","no","yr2011",2011,0,0,0,0,0,0,"tech.4","tech.1","tech.4",175,180,150
81,"no","no","yr2011",2011,0,0,0,14,20,14,"tech.2","tech.1","tech.1",50,135,75
82,"no","no","yr2011",2011,0,0,0,0,1,0,"tech.4","tech.4","tech.2",340,305,325
83,"yes","yes","yr2011",2011,0,0,0,0,0,0,"tech.3","tech.4","tech.4",180,355,10
84,"yes","yes","yr2011",2011,1,1,0,35,35,36,"tech.2","tech.1","tech.4",80,55,170
85,"no","no","yr2011",2011,0,0,0,1,1,1,"tech.4","tech.3","tech.4",135,360,40
86,"yes","yes","yr2011",2011,0,0,0,0,0,0,"tech.4","tech.2","tech.3",75,15,15
87,"no","no","yr2011",2011,0,0,0,37,37,30,"tech.4","tech.3","tech.4",170,115,40
88,"yes","no","yr2011",2011,0,0,0,7,9,6,"tech.4","tech.2","tech.4",205,220,265
89,"no","no","yr2011",2011,0,0,0,0,0,0,"tech.3","tech.4","tech.3",345,75,65
90,"no","no","yr2011",2011,0,0,1,4,5,4,"tech.1","tech.4","tech.4",105,60,110
91,"yes","yes","yr2011",2011,0,0,0,1,0,0,"tech.2","tech.1","tech.4",75,340,15
92,"yes","no","yr2011",2011,0,0,0,1,1,1,"tech.4","tech.4","tech.4",170,70,55
93,"yes","yes","yr2011",2011,0,0,0,7,2,3,"tech.1","tech.2","tech.3",160,65,55
94,"yes","yes","yr2011",2011,0,0,0,5,4,4,"tech.4","tech.4","tech.1",90,95,105
95,"yes","yes","yr2011",2011,0,0,0,1,2,2,"tech.1","tech.1","tech.4",65,10,190
96,"no","no","yr2011",2011,0,0,0,1,0,1,"tech.1","tech.2","tech.4",25,200,60
97,"yes","no","yr2011",2011,0,0,1,50,33,45,"tech.3","tech.2","tech.2",245,290,165
98,"yes","yes","yr2011",2011,0,0,0,0,1,0,"tech.4","tech.2","tech.1",330,150,355
99,"no","no","yr2011",2011,0,0,0,0,0,1,"tech.1","tech.4","tech.1",170,310,65
100,"yes","yes","yr2011",2011,0,0,0,54,39,49,"tech.4","tech.2","tech.1",90,290,195
1,"yes","no","yr2012",2012,0,0,0,25,33,40,"tech.3","tech.1","tech.2",0,85,95
2,"no","no","yr2012",2012,1,0,1,33,27,43,"tech.3","tech.4","tech.1",155,285,230
3,"no","no","yr2012",2012,0,0,0,37,33,30,"tech.1","tech.3","tech.4",85,245,290
4,"yes","no","yr2012",2012,0,0,0,19,15,28,"tech.4","tech.3","tech.4",0,345,40
5,"no","no","yr2012",2012,1,0,0,28,31,31,"tech.3","tech.1","tech.3",25,245,215
6,"yes","no","yr2012",2012,0,0,0,31,34,23,"tech.4","tech.4","tech.3",135,100,25
7,"no","no","yr2012",2012,0,0,0,29,32,16,"tech.1","tech.1","tech.1",70,240,335
8,"yes","yes","yr2012",2012,1,1,0,34,32,29,"tech.1","tech.1","tech.3",145,90,240
9,"no","no","yr2012",2012,0,0,0,21,35,22,"tech.2","tech.4","tech.3",15,65,0
10,"yes","no","yr2012",2012,0,1,0,21,23,23,"tech.3","tech.1","tech.1",200,285,230
11,"yes","no","yr2012",2012,1,0,0,34,27,20,"tech.1","tech.4","tech.4",155,135,275
12,"yes","no","yr2012",2012,1,0,1,25,36,19,"tech.1","tech.2","tech.1",335,75,325
13,"yes","yes","yr2012",2012,0,0,0,27,29,29,"tech.4","tech.3","tech.3",290,205,85
14,"yes","yes","yr2012",2012,0,0,0,19,35,26,"tech.2","tech.4","tech.4",15,135,260
15,"no","no","yr2012",2012,0,0,0,18,17,18,"tech.4","tech.4","tech.4",270,125,225
16,"no","no","yr2012",2012,0,0,0,8,14,11,"tech.2","tech.4","tech.2",345,75,15
17,"yes","no","yr2012",2012,0,0,0,33,34,30,"tech.3","tech.2","tech.1",215,65,70
18,"no","no","yr2012",2012,0,1,1,33,34,35,"tech.3","tech.2","tech.1",160,105,160
19,"yes","no","yr2012",2012,0,0,0,28,16,37,"tech.1","tech.3","tech.1",110,350,125
20,"yes","no","yr2012",2012,0,0,0,22,21,27,"tech.4","tech.3","tech.3",235,290,145
21,"yes","no","yr2012",2012,1,0,0,16,9,19,"tech.3","tech.3","tech.3",240,305,125
22,"yes","no","yr2012",2012,0,0,0,27,36,32,"tech.4","tech.1","tech.1",15,135,275
23,"no","no","yr2012",2012,0,0,0,23,11,28,"tech.4","tech.1","tech.3",240,340,235
24,"no","no","yr2012",2012,0,0,0,8,9,9,"tech.1","tech.3","tech.3",340,115,275
25,"no","no","yr2012",2012,1,0,1,14,38,25,"tech.1","tech.3","tech.3",300,220,30
26,"yes","no","yr2012",2012,0,0,0,12,7,8,"tech.3","tech.4","tech.4",245,200,45
27,"no","no","yr2012",2012,1,0,0,14,26,29,"tech.2","tech.2","tech.4",335,225,85
28,"no","no","yr2012",2012,1,0,0,16,12,13,"tech.3","tech.4","tech.3",55,265,175
29,"no","no","yr2012",2012,0,0,0,7,4,6,"tech.1","tech.1","tech.3",130,125,180
30,"yes","no","yr2012",2012,0,0,1,5,11,4,"tech.3","tech.3","tech.3",280,145,350
31,"no","no","yr2012",2012,0,0,0,30,32,24,"tech.3","tech.2","tech.3",35,120,280
32,"no","no","yr2012",2012,0,0,1,14,11,6,"tech.3","tech.3","tech.1",160,205,345
33,"no","no","yr2012",2012,0,0,0,8,15,13,"tech.3","tech.2","tech.2",65,235,50
34,"no","no","yr2012",2012,0,0,0,20,20,9,"tech.2","tech.3","tech.2",90,160,190
35,"yes","no","yr2012",2012,0,0,0,15,6,12,"tech.2","tech.2","tech.3",95,320,270
36,"no","no","yr2012",2012,1,0,0,23,27,43,"tech.1","tech.3","tech.4",335,30,110
37,"yes","no","yr2012",2012,0,0,0,2,5,3,"tech.2","tech.1","tech.2",90,230,45
38,"yes","no","yr2012",2012,0,0,0,4,8,5,"tech.1","tech.4","tech.1",40,240,295
39,"yes","yes","yr2012",2012,0,0,0,5,3,5,"tech.1","tech.2","tech.1",245,290,205
40,"no","no","yr2012",2012,0,0,0,20,25,10,"tech.4","tech.3","tech.1",290,165,335
41,"no","no","yr2012",2012,0,0,0,28,42,46,"tech.1","tech.2","tech.2",10,160,105
42,"no","no","yr2012",2012,1,1,1,14,26,32,"tech.3","tech.1","tech.2",350,165,115
43,"no","no","yr2012",2012,1,0,1,10,6,5,"tech.2","tech.1","tech.2",115,25,335
44,"yes","no","yr2012",2012,0,0,0,8,7,10,"tech.3","tech.4","tech.4",200,275,95
45,"yes","no","yr2012",2012,0,1,1,45,27,50,"tech.3","tech.2","tech.1",215,330,130
46,"yes","yes","yr2012",2012,1,0,0,3,3,5,"tech.1","tech.3","tech.3",105,15,345
47,"no","no","yr2012",2012,0,0,0,20,20,16,"tech.3","tech.3","tech.4",220,165,10
48,"no","no","yr2012",2012,0,0,0,3,2,4,"tech.4","tech.4","tech.4",165,160,135
49,"yes","no","yr2012",2012,1,0,0,14,18,25,"tech.1","tech.2","tech.4",75,40,195
50,"yes","no","yr2012",2012,0,0,0,52,46,57,"tech.3","tech.2","tech.3",185,180,70
51,"no","no","yr2012",2012,0,0,0,5,6,2,"tech.1","tech.4","tech.3",125,45,5
52,"yes","no","yr2012",2012,0,0,0,72,100,77,"tech.3","tech.4","tech.2",260,80,270
53,"no","no","yr2012",2012,0,0,0,4,2,4,"tech.2","tech.3","tech.2",40,320,240
54,"no","no","yr2012",2012,1,1,0,9,22,18,"tech.1","tech.2","tech.2",340,90,75
55,"yes","no","yr2012",2012,0,0,0,129,159,152,"tech.1","tech.1","tech.2",60,145,175
56,"yes","no","yr2012",2012,0,0,0,0,0,0,"tech.4","tech.1","tech.2",320,10,280
57,"no","no","yr2012",2012,0,0,0,6,4,2,"tech.2","tech.1","tech.4",205,180,330
58,"yes","yes","yr2012",2012,0,0,0,3,3,5,"tech.2","tech.2","tech.4",195,70,145
59,"no","no","yr2012",2012,0,0,0,24,27,28,"tech.3","tech.1","tech.2",95,85,170
60,"yes","no","yr2012",2012,1,0,0,25,21,18,"tech.1","tech.4","tech.4",15,295,290
61,"no","no","yr2012",2012,0,0,0,6,10,4,"tech.1","tech.1","tech.1",265,135,340
62,"yes","yes","yr2012",2012,0,0,0,4,1,3,"tech.3","tech.3","tech.3",165,130,260
63,"no","no","yr2012",2012,0,0,0,2,2,3,"tech.1","tech.1","tech.4",140,15,195
64,"no","no","yr2012",2012,0,0,0,61,53,53,"tech.3","tech.4","tech.2",130,110,55
65,"yes","no","yr2012",2012,0,0,0,1,2,1,"tech.4","tech.2","tech.3",240,115,275
66,"no","no","yr2012",2012,0,0,0,0,0,0,"tech.3","tech.3","tech.4",205,310,265
67,"no","no","yr2012",2012,0,0,0,11,7,8,"tech.1","tech.4","tech.4",125,260,100
68,"yes","yes","yr2012",2012,1,0,0,12,17,10,"tech.1","tech.3","tech.1",60,130,300
69,"yes","yes","yr2012",2012,0,0,0,7,3,4,"tech.4","tech.4","tech.2",95,65,240
70,"no","no","yr2012",2012,0,0,0,3,4,4,"tech.2","tech.3","tech.3",70,340,270
71,"yes","no","yr2012",2012,1,0,0,12,13,9,"tech.3","tech.1","tech.2",130,40,100
72,"no","no","yr2012",2012,0,1,0,50,95,88,"tech.1","tech.1","tech.3",345,95,75
73,"no","no","yr2012",2012,1,1,0,8,6,9,"tech.2","tech.3","tech.2",260,340,255
74,"no","no","yr2012",2012,0,0,0,13,17,6,"tech.3","tech.1","tech.2",0,60,335
75,"yes","yes","yr2012",2012,1,0,0,1,6,1,"tech.1","tech.4","tech.1",195,110,35
76,"yes","yes","yr2012",2012,0,0,1,78,64,75,"tech.4","tech.2","tech.1",210,280,145
77,"no","no","yr2012",2012,0,0,0,0,0,0,"tech.4","tech.2","tech.2",170,115,95
78,"no","no","yr2012",2012,0,0,0,10,4,9,"tech.1","tech.2","tech.3",65,315,285
79,"yes","no","yr2012",2012,0,0,1,14,9,21,"tech.3","tech.3","tech.3",280,340,180
80,"no","no","yr2012",2012,0,0,0,0,0,0,"tech.1","tech.3","tech.3",185,310,25
81,"no","no","yr2012",2012,0,0,0,24,23,23,"tech.4","tech.3","tech.3",190,75,220
82,"no","no","yr2012",2012,0,0,0,1,1,2,"tech.3","tech.1","tech.3",360,335,250
83,"yes","yes","yr2012",2012,0,1,0,0,0,0,"tech.4","tech.4","tech.3",255,140,80
84,"yes","yes","yr2012",2012,0,0,0,39,21,32,"tech.4","tech.1","tech.1",265,345,295
85,"no","no","yr2012",2012,0,0,0,1,0,3,"tech.4","tech.4","tech.1",320,125,230
86,"yes","yes","yr2012",2012,0,0,0,0,0,0,"tech.4","tech.1","tech.3",250,180,115
87,"no","no","yr2012",2012,0,0,0,35,30,27,"tech.4","tech.2","tech.3",70,60,260
88,"yes","no","yr2012",2012,0,0,0,18,17,10,"tech.3","tech.2","tech.1",155,100,0
89,"no","no","yr2012",2012,0,0,0,0,0,0,"tech.2","tech.3","tech.4",355,55,295
90,"no","no","yr2012",2012,0,0,0,7,9,11,"tech.4","tech.2","tech.2",275,95,220
91,"yes","yes","yr2012",2012,0,0,0,7,1,7,"tech.1","tech.1","tech.2",165,45,115
92,"yes","no","yr2012",2012,0,0,0,2,3,1,"tech.1","tech.1","tech.1",270,25,35
93,"yes","yes","yr2012",2012,0,0,1,13,11,11,"tech.3","tech.1","tech.4",285,115,325
94,"yes","yes","yr2012",2012,0,0,1,11,15,4,"tech.4","tech.3","tech.4",225,150,360
95,"yes","yes","yr2012",2012,0,0,0,8,6,5,"tech.4","tech.1","tech.2",110,95,100
96,"no","no","yr2012",2012,0,1,0,3,4,5,"tech.2","tech.1","tech.3",135,95,135
97,"yes","no","yr2012",2012,0,0,0,32,36,28,"tech.3","tech.1","tech.2",65,170,60
98,"yes","yes","yr2012",2012,0,0,1,3,5,3,"tech.4","tech.4","tech.1",275,95,30
99,"no","no","yr2012",2012,0,0,0,2,1,1,"tech.1","tech.4","tech.2",280,130,165
100,"yes","yes","yr2012",2012,0,0,0,45,36,27,"tech.4","tech.3","tech.4",135,50,315
1,"yes","no","yr2013",2013,0,0,0,39,31,34,"tech.4","tech.4","tech.1",160,70,125
2,"no","no","yr2013",2013,0,1,1,35,36,31,"tech.2","tech.1","tech.3",255,210,115
3,"no","no","yr2013",2013,1,0,0,20,37,38,"tech.1","tech.2","tech.1",0,125,220
4,"yes","no","yr2013",2013,0,0,0,37,26,34,"tech.1","tech.3","tech.4",200,270,115
5,"no","no","yr2013",2013,0,0,0,26,28,31,"tech.3","tech.3","tech.3",310,170,140
6,"yes","no","yr2013",2013,0,0,0,37,33,33,"tech.2","tech.2","tech.3",75,75,200
7,"no","no","yr2013",2013,0,0,0,28,25,31,"tech.2","tech.4","tech.3",255,0,110
8,"yes","yes","yr2013",2013,0,0,0,29,25,46,"tech.2","tech.2","tech.1",245,60,155
9,"no","no","yr2013",2013,0,0,0,31,32,28,"tech.3","tech.2","tech.1",65,235,60
10,"yes","no","yr2013",2013,0,0,1,20,9,30,"tech.3","tech.1","tech.1",265,325,145
11,"yes","no","yr2013",2013,1,1,0,27,10,22,"tech.1","tech.1","tech.4",260,360,40
12,"yes","no","yr2013",2013,0,1,0,18,26,27,"tech.3","tech.1","tech.1",355,15,255
13,"yes","yes","yr2013",2013,0,1,1,20,21,34,"tech.4","tech.2","tech.1",315,300,120
14,"yes","yes","yr2013",2013,0,0,0,22,20,31,"tech.3","tech.2","tech.3",30,330,115
15,"no","no","yr2013",2013,0,0,0,24,16,18,"tech.1","tech.3","tech.4",80,0,120
16,"no","no","yr2013",2013,0,0,0,8,18,18,"tech.2","tech.2","tech.4",325,200,215
17,"yes","no","yr2013",2013,0,0,0,33,35,17,"tech.2","tech.1","tech.4",175,145,360
18,"no","no","yr2013",2013,0,0,0,26,36,41,"tech.4","tech.2","tech.2",245,185,240
19,"yes","no","yr2013",2013,0,0,0,29,22,26,"tech.3","tech.1","tech.3",275,0,260
20,"yes","no","yr2013",2013,0,0,0,24,21,25,"tech.1","tech.1","tech.3",225,260,270
21,"yes","no","yr2013",2013,0,0,0,11,23,19,"tech.3","tech.2","tech.4",330,120,110
22,"yes","no","yr2013",2013,1,0,0,28,37,26,"tech.1","tech.1","tech.2",70,160,40
23,"no","no","yr2013",2013,0,0,0,26,23,19,"tech.3","tech.1","tech.4",130,255,30
24,"no","no","yr2013",2013,0,0,0,13,10,13,"tech.3","tech.4","tech.4",255,300,90
25,"no","no","yr2013",2013,0,0,0,14,32,23,"tech.3","tech.4","tech.3",330,160,280
26,"yes","no","yr2013",2013,0,0,0,17,13,14,"tech.2","tech.4","tech.3",190,200,105
27,"no","no","yr2013",2013,0,0,0,18,30,22,"tech.3","tech.4","tech.3",310,165,320
28,"no","no","yr2013",2013,1,1,0,20,13,20,"tech.1","tech.2","tech.3",175,295,205
29,"no","no","yr2013",2013,0,0,0,11,6,11,"tech.3","tech.2","tech.3",30,310,125
30,"yes","no","yr2013",2013,0,1,0,11,7,10,"tech.4","tech.1","tech.4",235,25,180
31,"no","no","yr2013",2013,0,0,0,24,32,24,"tech.1","tech.4","tech.1",15,160,320
32,"no","no","yr2013",2013,0,0,0,14,13,10,"tech.4","tech.3","tech.3",220,40,230
33,"no","no","yr2013",2013,0,1,0,21,29,13,"tech.1","tech.3","tech.4",230,195,275
34,"no","no","yr2013",2013,0,0,0,17,21,15,"tech.4","tech.1","tech.4",120,215,290
35,"yes","no","yr2013",2013,0,0,0,13,20,13,"tech.4","tech.2","tech.3",275,95,125
36,"no","no","yr2013",2013,0,0,0,53,38,47,"tech.3","tech.3","tech.2",155,25,230
37,"yes","no","yr2013",2013,0,0,0,9,5,5,"tech.2","tech.2","tech.3",10,20,335
38,"yes","no","yr2013",2013,0,0,0,11,10,8,"tech.3","tech.2","tech.2",250,255,145
39,"yes","yes","yr2013",2013,0,0,0,6,5,2,"tech.2","tech.4","tech.2",105,295,360
40,"no","no","yr2013",2013,0,0,0,29,30,27,"tech.2","tech.1","tech.2",40,240,20
41,"no","no","yr2013",2013,0,0,0,32,33,37,"tech.2","tech.3","tech.3",45,215,120
42,"no","no","yr2013",2013,0,0,0,32,13,26,"tech.2","tech.3","tech.4",230,355,215
43,"no","no","yr2013",2013,0,1,1,10,8,16,"tech.3","tech.2","tech.2",290,245,75
44,"yes","no","yr2013",2013,0,0,0,4,7,12,"tech.4","tech.4","tech.4",340,335,275
45,"yes","no","yr2013",2013,0,0,0,26,29,37,"tech.3","tech.3","tech.1",335,300,275
46,"yes","yes","yr2013",2013,1,0,0,3,5,4,"tech.1","tech.3","tech.4",360,270,335
47,"no","no","yr2013",2013,0,0,0,18,23,25,"tech.3","tech.4","tech.4",35,155,25
48,"no","no","yr2013",2013,0,0,0,4,1,3,"tech.2","tech.3","tech.1",345,330,10
49,"yes","no","yr2013",2013,0,0,0,23,28,26,"tech.1","tech.4","tech.1",215,150,195
50,"yes","no","yr2013",2013,1,1,1,44,32,46,"tech.2","tech.4","tech.1",85,295,70
51,"no","no","yr2013",2013,0,0,0,8,9,10,"tech.2","tech.1","tech.4",115,290,90
52,"yes","no","yr2013",2013,0,0,0,63,57,27,"tech.4","tech.2","tech.1",80,40,345
53,"no","no","yr2013",2013,0,0,0,7,8,7,"tech.2","tech.2","tech.1",95,50,255
54,"no","no","yr2013",2013,0,0,0,24,23,15,"tech.3","tech.1","tech.2",210,245,345
55,"yes","no","yr2013",2013,0,1,0,61,102,116,"tech.2","tech.1","tech.4",330,205,125
56,"yes","no","yr2013",2013,0,0,0,0,0,0,"tech.4","tech.4","tech.2",310,230,165
57,"no","no","yr2013",2013,0,0,0,9,7,4,"tech.1","tech.2","tech.2",195,205,10
58,"yes","yes","yr2013",2013,0,0,0,6,8,5,"tech.2","tech.1","tech.3",155,220,235
59,"no","no","yr2013",2013,0,0,0,24,25,26,"tech.3","tech.3","tech.4",70,290,195
60,"yes","no","yr2013",2013,0,0,0,28,31,20,"tech.4","tech.3","tech.3",235,90,280
61,"no","no","yr2013",2013,0,0,0,6,7,14,"tech.2","tech.2","tech.1",355,260,125
62,"yes","yes","yr2013",2013,0,0,0,3,2,4,"tech.1","tech.4","tech.3",285,215,175
63,"no","no","yr2013",2013,0,0,0,5,11,2,"tech.2","tech.4","tech.4",315,225,325
64,"no","no","yr2013",2013,0,0,0,38,52,52,"tech.4","tech.4","tech.1",25,100,105
65,"yes","no","yr2013",2013,0,0,0,7,3,1,"tech.3","tech.2","tech.3",175,65,310
66,"no","no","yr2013",2013,0,0,0,0,0,0,"tech.3","tech.4","tech.2",245,80,235
67,"no","no","yr2013",2013,0,0,0,11,14,13,"tech.2","tech.3","tech.1",55,125,85
68,"yes","yes","yr2013",2013,0,0,0,19,17,27,"tech.2","tech.2","tech.2",190,180,125
69,"yes","yes","yr2013",2013,0,0,0,8,15,9,"tech.4","tech.4","tech.4",50,160,25
70,"no","no","yr2013",2013,0,0,0,3,7,8,"tech.2","tech.3","tech.3",355,250,35
71,"yes","no","yr2013",2013,1,0,0,18,15,11,"tech.1","tech.2","tech.1",90,325,0
72,"no","no","yr2013",2013,0,0,0,61,58,71,"tech.2","tech.3","tech.2",95,60,210
73,"no","no","yr2013",2013,0,0,0,10,16,18,"tech.1","tech.1","tech.1",265,270,175
74,"no","no","yr2013",2013,0,0,0,13,20,17,"tech.1","tech.4","tech.4",265,260,35
75,"yes","yes","yr2013",2013,0,1,1,9,6,8,"tech.1","tech.3","tech.3",120,285,115
76,"yes","yes","yr2013",2013,0,0,0,46,64,37,"tech.2","tech.2","tech.1",290,210,325
77,"no","no","yr2013",2013,0,0,0,0,0,0,"tech.1","tech.1","tech.2",280,305,45
78,"no","no","yr2013",2013,0,0,0,14,9,13,"tech.4","tech.2","tech.4",95,305,210
79,"yes","no","yr2013",2013,1,1,0,26,9,22,"tech.1","tech.3","tech.4",210,355,280
80,"no","no","yr2013",2013,1,0,1,0,0,0,"tech.1","tech.1","tech.1",115,215,35
81,"no","no","yr2013",2013,0,0,0,21,32,23,"tech.2","tech.3","tech.4",10,140,215
82,"no","no","yr2013",2013,0,0,0,4,4,5,"tech.1","tech.1","tech.2",110,20,140
83,"yes","yes","yr2013",2013,0,0,0,0,0,0,"tech.2","tech.3","tech.1",210,220,155
84,"yes","yes","yr2013",2013,0,0,0,39,35,34,"tech.2","tech.3","tech.4",200,145,40
85,"no","no","yr2013",2013,0,0,0,3,4,7,"tech.2","tech.4","tech.4",340,115,270
86,"yes","yes","yr2013",2013,0,0,0,0,0,0,"tech.3","tech.1","tech.2",255,80,335
87,"no","no","yr2013",2013,0,0,0,23,37,30,"tech.3","tech.1","tech.4",325,185,275
88,"yes","no","yr2013",2013,0,0,0,14,20,17,"tech.4","tech.1","tech.1",340,115,90
89,"no","no","yr2013",2013,0,0,0,0,0,0,"tech.3","tech.2","tech.1",350,15,230
90,"no","no","yr2013",2013,0,0,0,8,12,8,"tech.4","tech.1","tech.3",270,110,20
91,"yes","yes","yr2013",2013,0,0,0,5,10,6,"tech.4","tech.1","tech.2",35,75,240
92,"yes","no","yr2013",2013,0,0,0,8,6,5,"tech.1","tech.2","tech.1",215,95,280
93,"yes","yes","yr2013",2013,0,0,0,18,12,21,"tech.1","tech.4","tech.3",195,15,115
94,"yes","yes","yr2013",2013,0,0,0,12,6,12,"tech.1","tech.3","tech.3",15,355,35
95,"yes","yes","yr2013",2013,0,0,0,11,10,6,"tech.2","tech.3","tech.1",90,265,15
96,"no","no","yr2013",2013,0,0,1,6,9,9,"tech.1","tech.4","tech.1",10,175,95
97,"yes","no","yr2013",2013,1,0,1,29,30,27,"tech.1","tech.2","tech.1",310,50,180
98,"yes","yes","yr2013",2013,0,0,1,5,5,2,"tech.2","tech.3","tech.1",325,240,360
99,"no","no","yr2013",2013,0,0,0,4,4,3,"tech.3","tech.3","tech.4",270,265,155
100,"yes","yes","yr2013",2013,0,0,0,34,37,45,"tech.4","tech.2","tech.4",190,60,115
1,"yes","no","yr2014",2014,0,0,0,22,30,21,"tech.4","tech.2","tech.3",315,50,310
2,"no","no","yr2014",2014,1,1,0,32,38,35,"tech.1","tech.3","tech.2",250,185,65
3,"no","no","yr2014",2014,0,0,0,32,24,31,"tech.4","tech.4","tech.2",15,300,40
4,"yes","no","yr2014",2014,0,0,0,43,30,39,"tech.3","tech.3","tech.4",210,95,165
5,"no","no","yr2014",2014,0,0,0,18,39,39,"tech.1","tech.1","tech.1",320,95,135
6,"yes","no","yr2014",2014,0,0,0,33,35,24,"tech.2","tech.3","tech.1",95,155,35
7,"no","no","yr2014",2014,0,0,0,26,34,24,"tech.1","tech.3","tech.1",60,75,20
8,"yes","yes","yr2014",2014,1,0,0,37,32,30,"tech.1","tech.2","tech.4",180,125,190
9,"no","no","yr2014",2014,0,1,0,27,16,30,"tech.1","tech.2","tech.4",260,330,145
10,"yes","no","yr2014",2014,1,0,0,25,28,21,"tech.3","tech.4","tech.3",300,95,305
11,"yes","no","yr2014",2014,0,0,0,19,24,13,"tech.2","tech.1","tech.2",350,205,355
12,"yes","no","yr2014",2014,0,0,0,42,37,29,"tech.3","tech.1","tech.1",110,165,75
13,"yes","yes","yr2014",2014,0,1,0,33,23,11,"tech.1","tech.1","tech.4",70,70,355
14,"yes","yes","yr2014",2014,1,0,0,34,26,22,"tech.1","tech.4","tech.3",70,270,320
15,"no","no","yr2014",2014,0,0,0,24,18,24,"tech.4","tech.3","tech.2",240,100,125
16,"no","no","yr2014",2014,0,0,0,21,15,12,"tech.2","tech.3","tech.2",130,245,265
17,"yes","no","yr2014",2014,0,0,0,30,33,36,"tech.4","tech.1","tech.4",135,260,155
18,"no","no","yr2014",2014,1,1,0,35,35,39,"tech.3","tech.2","tech.1",200,140,220
19,"yes","no","yr2014",2014,0,1,0,31,22,38,"tech.4","tech.3","tech.2",85,295,185
20,"yes","no","yr2014",2014,0,0,0,24,26,17,"tech.2","tech.1","tech.1",170,270,320
21,"yes","no","yr2014",2014,0,1,0,18,11,24,"tech.2","tech.3","tech.1",300,325,225
22,"yes","no","yr2014",2014,0,0,1,31,30,28,"tech.2","tech.2","tech.1",55,50,285
23,"no","no","yr2014",2014,0,0,0,26,20,21,"tech.3","tech.2","tech.1",235,10,335
24,"no","no","yr2014",2014,0,0,0,10,19,16,"tech.4","tech.3","tech.4",255,175,65
25,"no","no","yr2014",2014,0,0,0,30,43,30,"tech.3","tech.3","tech.1",200,170,175
26,"yes","no","yr2014",2014,0,0,0,4,17,16,"tech.1","tech.2","tech.4",360,90,230
27,"no","no","yr2014",2014,0,0,0,32,30,35,"tech.4","tech.3","tech.3",175,145,150
28,"no","no","yr2014",2014,1,0,1,18,18,20,"tech.1","tech.4","tech.1",115,170,165
29,"no","no","yr2014",2014,0,0,0,11,11,4,"tech.4","tech.3","tech.1",200,290,355
30,"yes","no","yr2014",2014,0,1,0,5,11,9,"tech.4","tech.1","tech.4",315,140,140
31,"no","no","yr2014",2014,0,0,1,34,36,28,"tech.4","tech.3","tech.1",165,260,140
32,"no","no","yr2014",2014,1,1,0,16,9,8,"tech.2","tech.1","tech.4",95,290,305
33,"no","no","yr2014",2014,0,0,1,32,28,21,"tech.3","tech.3","tech.2",150,135,245
34,"no","no","yr2014",2014,0,0,0,25,29,25,"tech.2","tech.2","tech.2",215,100,85
35,"yes","no","yr2014",2014,0,0,0,13,13,14,"tech.2","tech.1","tech.4",265,40,190
36,"no","no","yr2014",2014,0,0,1,35,30,35,"tech.3","tech.2","tech.3",85,305,190
37,"yes","no","yr2014",2014,0,0,0,7,11,8,"tech.2","tech.1","tech.3",270,195,115
38,"yes","no","yr2014",2014,0,0,0,6,11,7,"tech.1","tech.1","tech.2",315,300,325
39,"yes","yes","yr2014",2014,0,0,0,7,2,5,"tech.1","tech.3","tech.1",85,340,355
40,"no","no","yr2014",2014,1,1,1,25,38,28,"tech.4","tech.1","tech.1",215,155,195
41,"no","no","yr2014",2014,0,0,0,20,25,40,"tech.2","tech.2","tech.3",355,0,130
42,"no","no","yr2014",2014,0,1,1,23,24,10,"tech.3","tech.2","tech.3",125,15,360
43,"no","no","yr2014",2014,0,0,1,6,12,13,"tech.4","tech.3","tech.2",360,240,250
44,"yes","no","yr2014",2014,0,0,0,19,20,16,"tech.3","tech.1","tech.1",145,180,265
45,"yes","no","yr2014",2014,0,1,0,38,41,45,"tech.4","tech.1","tech.2",210,50,110
46,"yes","yes","yr2014",2014,1,0,0,7,5,6,"tech.1","tech.1","tech.3",120,0,315
47,"no","no","yr2014",2014,0,0,0,26,17,26,"tech.1","tech.1","tech.2",100,25,170
48,"no","no","yr2014",2014,0,0,0,5,6,3,"tech.1","tech.4","tech.3",175,75,305
49,"yes","no","yr2014",2014,0,0,0,30,34,27,"tech.1","tech.3","tech.4",190,80,210
50,"yes","no","yr2014",2014,1,0,0,35,50,24,"tech.2","tech.3","tech.3",0,140,340
51,"no","no","yr2014",2014,0,0,0,12,9,9,"tech.4","tech.2","tech.1",170,65,90
52,"yes","no","yr2014",2014,0,0,0,59,62,63,"tech.1","tech.1","tech.1",150,135,105
53,"no","no","yr2014",2014,0,1,1,10,8,7,"tech.4","tech.4","tech.1",285,125,35
54,"no","no","yr2014",2014,0,0,1,21,19,16,"tech.4","tech.3","tech.1",40,220,85
55,"yes","no","yr2014",2014,1,0,1,109,116,92,"tech.1","tech.3","tech.3",115,145,260
56,"yes","no","yr2014",2014,0,0,0,0,0,0,"tech.3","tech.2","tech.4",120,150,145
57,"no","no","yr2014",2014,0,0,0,7,10,8,"tech.1","tech.4","tech.2",0,215,175
58,"yes","yes","yr2014",2014,0,0,0,4,4,5,"tech.2","tech.4","tech.2",235,75,30
59,"no","no","yr2014",2014,0,0,0,22,23,35,"tech.3","tech.2","tech.1",60,160,140
60,"yes","no","yr2014",2014,0,1,1,15,19,30,"tech.3","tech.1","tech.3",345,70,175
61,"no","no","yr2014",2014,0,0,0,10,12,14,"tech.1","tech.4","tech.2",190,190,210
62,"yes","yes","yr2014",2014,0,0,1,3,3,4,"tech.3","tech.4","tech.2",5,65,170
63,"no","no","yr2014",2014,0,0,0,8,4,6,"tech.1","tech.4","tech.4",95,275,35
64,"no","no","yr2014",2014,0,0,0,51,50,56,"tech.4","tech.1","tech.3",35,75,195
65,"yes","no","yr2014",2014,1,0,1,4,6,3,"tech.2","tech.4","tech.3",155,80,40
66,"no","no","yr2014",2014,0,0,1,0,0,0,"tech.3","tech.3","tech.1",290,100,260
67,"no","no","yr2014",2014,0,0,0,12,11,12,"tech.2","tech.2","tech.4",100,260,55
68,"yes","yes","yr2014",2014,0,0,0,22,15,18,"tech.3","tech.4","tech.4",110,60,210
69,"yes","yes","yr2014",2014,0,0,0,14,11,17,"tech.3","tech.3","tech.4",205,145,175
70,"no","no","yr2014",2014,1,0,0,7,5,12,"tech.2","tech.3","tech.4",50,355,125
71,"yes","no","yr2014",2014,0,1,0,16,14,22,"tech.4","tech.3","tech.4",0,25,185
72,"no","no","yr2014",2014,0,0,0,32,61,67,"tech.3","tech.3","tech.3",340,15,250
73,"no","no","yr2014",2014,0,1,0,19,17,16,"tech.3","tech.3","tech.2",155,35,70
74,"no","no","yr2014",2014,0,1,0,24,17,17,"tech.4","tech.2","tech.4",160,5,255
75,"yes","yes","yr2014",2014,0,0,0,10,16,10,"tech.1","tech.4","tech.2",195,215,160
76,"yes","yes","yr2014",2014,0,0,0,47,64,67,"tech.3","tech.3","tech.1",260,115,140
77,"no","no","yr2014",2014,0,0,0,0,0,0,"tech.1","tech.2","tech.2",335,330,0
78,"no","no","yr2014",2014,0,0,0,13,9,3,"tech.4","tech.4","tech.1",110,280,290
79,"yes","no","yr2014",2014,0,0,0,24,23,23,"tech.3","tech.2","tech.2",225,240,265
80,"no","no","yr2014",2014,0,0,0,0,0,0,"tech.3","tech.3","tech.2",360,185,75
81,"no","no","yr2014",2014,0,0,0,31,30,13,"tech.4","tech.2","tech.1",130,175,355
82,"no","no","yr2014",2014,0,0,0,5,4,11,"tech.3","tech.1","tech.1",40,195,180
83,"yes","yes","yr2014",2014,0,0,0,0,0,0,"tech.4","tech.3","tech.1",300,45,170
84,"yes","yes","yr2014",2014,0,0,0,35,25,36,"tech.4","tech.4","tech.3",140,5,185
85,"no","no","yr2014",2014,0,0,0,3,4,6,"tech.3","tech.1","tech.3",320,100,235
86,"yes","yes","yr2014",2014,0,0,0,0,0,0,"tech.4","tech.4","tech.3",175,315,225
87,"no","no","yr2014",2014,0,1,0,12,30,24,"tech.1","tech.3","tech.3",355,95,275
88,"yes","no","yr2014",2014,0,0,0,25,18,19,"tech.2","tech.4","tech.3",105,145,210
89,"no","no","yr2014",2014,0,0,0,0,0,0,"tech.4","tech.1","tech.3",330,55,140
90,"no","no","yr2014",2014,0,0,1,6,10,13,"tech.3","tech.2","tech.1",355,65,120
91,"yes","yes","yr2014",2014,0,0,0,8,9,6,"tech.1","tech.1","tech.3",225,170,65
92,"yes","no","yr2014",2014,0,0,0,8,5,6,"tech.4","tech.1","tech.4",95,350,200
93,"yes","yes","yr2014",2014,0,0,0,21,9,23,"tech.1","tech.3","tech.4",100,265,85
94,"yes","yes","yr2014",2014,1,0,0,14,16,17,"tech.2","tech.4","tech.2",240,75,65
95,"yes","yes","yr2014",2014,0,0,0,7,14,12,"tech.2","tech.1","tech.3",335,165,295
96,"no","no","yr2014",2014,0,0,0,12,9,15,"tech.3","tech.3","tech.2",150,305,115
97,"yes","no","yr2014",2014,0,0,0,36,36,36,"tech.2","tech.1","tech.1",135,245,20
98,"yes","yes","yr2014",2014,1,1,0,5,8,9,"tech.3","tech.3","tech.4",345,140,35
99,"no","no","yr2014",2014,0,0,0,3,2,6,"tech.1","tech.4","tech.4",40,270,280
100,"yes","yes","yr2014",2014,1,0,0,39,40,22,"tech.3","tech.1","tech.4",195,60,325
1,"yes","no","yr2015",2015,0,0,0,23,33,35,"tech.1","tech.2","tech.1",0,135,90
2,"no","no","yr2015",2015,0,0,0,24,16,32,"tech.4","tech.3","tech.4",295,345,160
3,"no","no","yr2015",2015,0,0,0,36,37,26,"tech.3","tech.1","tech.4",85,185,70
4,"yes","no","yr2015",2015,0,0,0,41,32,39,"tech.2","tech.4","tech.4",100,75,160
5,"no","no","yr2015",2015,0,0,0,35,19,22,"tech.2","tech.2","tech.1",195,310,285
6,"yes","no","yr2015",2015,0,0,0,24,24,29,"tech.3","tech.2","tech.4",70,50,135
7,"no","no","yr2015",2015,0,0,0,21,33,37,"tech.3","tech.4","tech.3",5,170,90
8,"yes","yes","yr2015",2015,1,0,0,17,28,12,"tech.1","tech.2","tech.4",345,255,345
9,"no","no","yr2015",2015,0,0,0,25,35,36,"tech.4","tech.2","tech.1",0,195,120
10,"yes","no","yr2015",2015,1,0,0,15,20,30,"tech.1","tech.1","tech.1",15,285,240
11,"yes","no","yr2015",2015,1,0,1,30,28,31,"tech.1","tech.2","tech.1",220,125,170
12,"yes","no","yr2015",2015,0,0,0,34,23,39,"tech.2","tech.4","tech.3",115,25,160
13,"yes","yes","yr2015",2015,0,0,0,20,30,26,"tech.2","tech.1","tech.1",340,275,45
14,"yes","yes","yr2015",2015,1,1,1,22,19,25,"tech.2","tech.1","tech.1",305,320,120
15,"no","no","yr2015",2015,0,0,1,27,23,20,"tech.1","tech.3","tech.3",215,275,290
16,"no","no","yr2015",2015,0,0,0,23,21,18,"tech.4","tech.1","tech.2",160,110,190
17,"yes","no","yr2015",2015,0,1,1,38,33,36,"tech.1","tech.2","tech.1",80,145,175
18,"no","no","yr2015",2015,1,1,1,24,34,24,"tech.1","tech.1","tech.3",305,215,60
19,"yes","no","yr2015",2015,0,0,0,28,26,25,"tech.4","tech.2","tech.2",120,205,75
20,"yes","no","yr2015",2015,0,0,0,21,9,13,"tech.4","tech.4","tech.4",250,360,335
21,"yes","no","yr2015",2015,0,1,0,21,20,25,"tech.2","tech.3","tech.1",95,100,105
22,"yes","no","yr2015",2015,0,1,0,34,17,28,"tech.2","tech.2","tech.3",235,340,220
23,"no","no","yr2015",2015,0,0,0,23,27,25,"tech.1","tech.2","tech.1",280,185,215
24,"no","no","yr2015",2015,0,0,0,18,16,15,"tech.3","tech.1","tech.2",225,55,260
25,"no","no","yr2015",2015,0,0,0,33,30,8,"tech.3","tech.3","tech.2",85,90,360
26,"yes","no","yr2015",2015,0,0,0,17,18,18,"tech.3","tech.4","tech.2",30,80,185
27,"no","no","yr2015",2015,0,0,0,26,21,31,"tech.2","tech.3","tech.1",140,315,115
28,"no","no","yr2015",2015,1,0,0,12,11,19,"tech.1","tech.3","tech.1",310,0,135
29,"no","no","yr2015",2015,0,0,0,7,14,11,"tech.3","tech.4","tech.3",120,75,275
30,"yes","no","yr2015",2015,0,1,1,9,9,8,"tech.1","tech.1","tech.2",80,290,100
31,"no","no","yr2015",2015,0,0,0,32,20,26,"tech.3","tech.2","tech.1",110,340,5
32,"no","no","yr2015",2015,1,1,0,6,15,10,"tech.1","tech.1","tech.3",345,235,350
33,"no","no","yr2015",2015,0,0,1,31,23,24,"tech.4","tech.1","tech.3",180,15,240
34,"no","no","yr2015",2015,0,0,0,19,24,18,"tech.2","tech.3","tech.1",280,75,70
35,"yes","no","yr2015",2015,0,0,0,13,18,14,"tech.3","tech.3","tech.3",30,70,0
36,"no","no","yr2015",2015,0,0,0,43,26,29,"tech.3","tech.4","tech.2",210,20,30
37,"yes","no","yr2015",2015,0,0,0,4,9,10,"tech.1","tech.2","tech.1",45,185,230
38,"yes","no","yr2015",2015,0,0,0,6,12,4,"tech.3","tech.4","tech.3",225,105,5
39,"yes","yes","yr2015",2015,0,0,0,8,5,4,"tech.4","tech.1","tech.4",70,305,305
40,"no","no","yr2015",2015,0,0,0,32,27,28,"tech.2","tech.1","tech.3",210,215,295
41,"no","no","yr2015",2015,0,0,0,24,41,32,"tech.4","tech.2","tech.1",280,145,50
42,"no","no","yr2015",2015,0,0,1,24,30,25,"tech.2","tech.4","tech.1",250,220,50
43,"no","no","yr2015",2015,0,0,0,7,10,13,"tech.2","tech.2","tech.2",290,70,155
44,"yes","no","yr2015",2015,0,1,0,17,18,23,"tech.3","tech.2","tech.3",265,195,225
45,"yes","no","yr2015",2015,0,1,0,28,32,31,"tech.2","tech.1","tech.2",315,45,5
46,"yes","yes","yr2015",2015,0,0,0,7,10,5,"tech.1","tech.1","tech.1",310,70,315
47,"no","no","yr2015",2015,0,0,0,26,31,10,"tech.2","tech.3","tech.2",130,75,360
48,"no","no","yr2015",2015,0,0,0,4,5,7,"tech.3","tech.2","tech.4",135,130,155
49,"yes","no","yr2015",2015,0,0,0,24,24,19,"tech.2","tech.4","tech.2",130,60,315
50,"yes","no","yr2015",2015,1,0,0,42,43,32,"tech.2","tech.1","tech.4",40,285,30
51,"no","no","yr2015",2015,0,0,0,4,6,9,"tech.1","tech.3","tech.4",330,255,205
52,"yes","no","yr2015",2015,0,0,0,54,58,68,"tech.4","tech.4","tech.1",45,245,95
53,"no","no","yr2015",2015,0,1,0,6,3,7,"tech.4","tech.4","tech.2",295,285,25
54,"no","no","yr2015",2015,1,1,0,19,28,32,"tech.3","tech.1","tech.4",70,140,195
55,"yes","no","yr2015",2015,0,0,0,104,118,112,"tech.4","tech.3","tech.1",130,95,145
56,"yes","no","yr2015",2015,0,0,0,0,0,0,"tech.1","tech.4","tech.1",30,305,0
57,"no","no","yr2015",2015,0,0,0,9,6,7,"tech.1","tech.2","tech.3",110,320,45
58,"yes","yes","yr2015",2015,0,0,0,4,8,7,"tech.3","tech.2","tech.3",245,195,120
59,"no","no","yr2015",2015,0,0,0,35,16,34,"tech.4","tech.2","tech.1",195,330,170
60,"yes","no","yr2015",2015,1,0,0,14,12,21,"tech.1","tech.2","tech.2",360,345,335
61,"no","no","yr2015",2015,0,0,0,12,15,12,"tech.1","tech.2","tech.3",225,205,280
62,"yes","yes","yr2015",2015,0,0,0,7,3,3,"tech.3","tech.2","tech.4",210,245,135
63,"no","no","yr2015",2015,0,0,0,7,7,10,"tech.1","tech.3","tech.1",110,140,190
64,"no","no","yr2015",2015,0,0,0,41,33,51,"tech.3","tech.3","tech.3",250,15,225
65,"yes","no","yr2015",2015,0,0,0,5,3,5,"tech.3","tech.1","tech.3",200,230,40
66,"no","no","yr2015",2015,0,0,1,0,0,0,"tech.4","tech.4","tech.3",125,70,120
67,"no","no","yr2015",2015,0,0,0,11,18,17,"tech.4","tech.1","tech.2",230,105,115
68,"yes","yes","yr2015",2015,0,0,0,14,16,17,"tech.1","tech.1","tech.2",25,35,95
69,"yes","yes","yr2015",2015,0,0,0,10,7,7,"tech.4","tech.4","tech.3",325,175,310
70,"no","no","yr2015",2015,1,0,0,14,11,11,"tech.1","tech.3","tech.3",40,120,255
71,"yes","no","yr2015",2015,0,0,0,20,23,21,"tech.4","tech.3","tech.2",60,195,245
72,"no","no","yr2015",2015,0,0,0,70,62,63,"tech.3","tech.4","tech.3",105,135,145
73,"no","no","yr2015",2015,1,0,0,20,21,26,"tech.1","tech.2","tech.3",150,170,130
74,"no","no","yr2015",2015,0,0,1,10,13,26,"tech.1","tech.2","tech.1",350,325,200
75,"yes","yes","yr2015",2015,0,1,0,13,10,9,"tech.1","tech.3","tech.4",270,240,350
76,"yes","yes","yr2015",2015,0,0,0,27,38,61,"tech.4","tech.3","tech.2",355,315,185
77,"no","no","yr2015",2015,0,0,0,0,0,0,"tech.4","tech.2","tech.1",195,180,250
78,"no","no","yr2015",2015,0,0,0,10,10,4,"tech.2","tech.1","tech.1",35,335,330
79,"yes","no","yr2015",2015,0,1,0,25,20,31,"tech.1","tech.1","tech.4",195,305,190
80,"no","no","yr2015",2015,0,0,0,0,0,0,"tech.4","tech.2","tech.3",145,95,200
81,"no","no","yr2015",2015,0,0,0,30,27,27,"tech.2","tech.2","tech.1",240,215,5
82,"no","no","yr2015",2015,0,0,0,9,5,5,"tech.4","tech.4","tech.4",50,295,15
83,"yes","yes","yr2015",2015,0,0,1,0,0,0,"tech.2","tech.3","tech.2",260,35,60
84,"yes","yes","yr2015",2015,0,0,0,31,43,19,"tech.1","tech.1","tech.4",60,125,330
85,"no","no","yr2015",2015,0,0,0,3,4,5,"tech.1","tech.1","tech.4",355,345,300
86,"yes","yes","yr2015",2015,0,0,0,0,0,0,"tech.1","tech.2","tech.4",335,115,60
87,"no","no","yr2015",2015,0,0,1,31,36,38,"tech.2","tech.4","tech.1",135,210,165
88,"yes","no","yr2015",2015,0,0,0,13,10,23,"tech.2","tech.4","tech.3",0,345,65
89,"no","no","yr2015",2015,0,0,0,0,0,0,"tech.2","tech.3","tech.1",20,295,155
90,"no","no","yr2015",2015,0,0,0,16,7,10,"tech.2","tech.2","tech.4",180,315,50
91,"yes","yes","yr2015",2015,0,0,0,7,7,4,"tech.2","tech.3","tech.4",120,75,40
92,"yes","no","yr2015",2015,0,0,0,5,3,8,"tech.4","tech.4","tech.2",5,280,245
93,"yes","yes","yr2015",2015,1,1,0,20,7,15,"tech.1","tech.1","tech.1",120,360,315
94,"yes","yes","yr2015",2015,0,0,0,17,18,17,"tech.2","tech.3","tech.3",150,110,90
95,"yes","yes","yr2015",2015,0,0,0,11,13,11,"tech.2","tech.2","tech.2",285,175,200
96,"no","no","yr2015",2015,0,0,0,17,15,14,"tech.1","tech.2","tech.3",145,55,0
97,"yes","no","yr2015",2015,0,1,0,25,29,24,"tech.3","tech.2","tech.3",330,270,295
98,"yes","yes","yr2015",2015,0,1,0,7,5,10,"tech.4","tech.2","tech.1",295,50,300
99,"no","no","yr2015",2015,0,0,0,3,4,2,"tech.3","tech.2","tech.4",220,95,240
100,"yes","yes","yr2015",2015,0,0,0,38,40,40,"tech.4","tech.2","tech.1",55,95,215
1,"yes","no","yr2016",2016,0,0,0,42,33,38,"tech.2","tech.2","tech.1",210,50,140
2,"no","no","yr2016",2016,0,0,0,26,36,38,"tech.2","tech.2","tech.3",240,95,190
3,"no","no","yr2016",2016,0,1,0,33,33,20,"tech.1","tech.1","tech.4",70,195,325
4,"yes","no","yr2016",2016,0,0,0,32,22,38,"tech.1","tech.4","tech.3",45,0,200
5,"no","no","yr2016",2016,0,0,0,37,13,32,"tech.3","tech.3","tech.4",110,350,260
6,"yes","no","yr2016",2016,0,0,0,30,22,29,"tech.3","tech.3","tech.2",70,5,210
7,"no","no","yr2016",2016,0,0,0,37,25,36,"tech.2","tech.3","tech.2",175,270,160
8,"yes","yes","yr2016",2016,0,1,1,32,36,31,"tech.4","tech.3","tech.4",35,210,80
9,"no","no","yr2016",2016,0,0,0,29,24,29,"tech.4","tech.4","tech.3",120,115,305
10,"yes","no","yr2016",2016,1,1,0,23,26,22,"tech.1","tech.4","tech.2",25,70,35
11,"yes","no","yr2016",2016,0,0,1,34,27,28,"tech.3","tech.2","tech.4",140,275,50
12,"yes","no","yr2016",2016,1,0,1,38,31,34,"tech.1","tech.4","tech.3",195,275,175
13,"yes","yes","yr2016",2016,0,0,0,20,24,34,"tech.4","tech.1","tech.4",325,315,120
14,"yes","yes","yr2016",2016,0,0,0,35,31,29,"tech.1","tech.1","tech.2",240,115,50
15,"no","no","yr2016",2016,0,0,0,22,13,23,"tech.1","tech.1","tech.1",280,280,185
16,"no","no","yr2016",2016,1,0,1,10,18,12,"tech.1","tech.4","tech.2",300,185,275
17,"yes","no","yr2016",2016,0,0,0,28,37,22,"tech.2","tech.2","tech.1",230,225,250
18,"no","no","yr2016",2016,0,0,0,40,36,22,"tech.3","tech.4","tech.4",150,140,300
19,"yes","no","yr2016",2016,0,0,0,14,26,30,"tech.3","tech.2","tech.4",285,75,145
20,"yes","no","yr2016",2016,0,0,0,26,24,25,"tech.4","tech.2","tech.3",240,90,105
21,"yes","no","yr2016",2016,0,0,0,6,14,13,"tech.2","tech.2","tech.2",360,315,320
22,"yes","no","yr2016",2016,1,1,1,20,12,39,"tech.1","tech.1","tech.3",320,360,150
23,"no","no","yr2016",2016,0,0,0,19,27,14,"tech.2","tech.1","tech.1",45,150,340
24,"no","no","yr2016",2016,0,0,0,12,20,14,"tech.2","tech.2","tech.4",35,80,55
25,"no","no","yr2016",2016,0,0,0,14,37,33,"tech.3","tech.2","tech.1",360,215,120
26,"yes","no","yr2016",2016,0,0,0,13,11,12,"tech.1","tech.1","tech.1",270,320,5
27,"no","no","yr2016",2016,0,0,0,16,23,26,"tech.1","tech.1","tech.3",310,300,205
28,"no","no","yr2016",2016,0,0,0,17,19,11,"tech.2","tech.3","tech.3",230,145,25
29,"no","no","yr2016",2016,0,0,0,11,12,9,"tech.2","tech.4","tech.4",90,210,190
30,"yes","no","yr2016",2016,0,0,0,9,10,9,"tech.2","tech.3","tech.4",140,15,30
31,"no","no","yr2016",2016,0,0,0,30,30,21,"tech.3","tech.2","tech.3",235,245,15
32,"no","no","yr2016",2016,0,0,0,8,4,11,"tech.4","tech.3","tech.2",270,340,270
33,"no","no","yr2016",2016,0,0,0,22,23,29,"tech.3","tech.2","tech.3",50,235,220
34,"no","no","yr2016",2016,0,0,0,21,21,14,"tech.4","tech.3","tech.3",35,235,340
35,"yes","no","yr2016",2016,0,0,0,14,16,17,"tech.1","tech.1","tech.3",220,270,70
36,"no","no","yr2016",2016,1,0,1,46,46,45,"tech.1","tech.1","tech.4",165,230,120
37,"yes","no","yr2016",2016,0,0,0,6,5,9,"tech.1","tech.3","tech.2",85,300,125
38,"yes","no","yr2016",2016,0,0,0,3,9,10,"tech.2","tech.1","tech.2",310,240,70
39,"yes","yes","yr2016",2016,0,0,0,5,6,4,"tech.4","tech.3","tech.4",85,90,285
40,"no","no","yr2016",2016,0,0,0,31,16,21,"tech.4","tech.1","tech.2",95,350,300
41,"no","no","yr2016",2016,0,0,0,34,34,21,"tech.1","tech.1","tech.2",205,150,345
42,"no","no","yr2016",2016,0,0,0,32,32,15,"tech.4","tech.1","tech.2",160,130,345
43,"no","no","yr2016",2016,0,0,0,6,10,11,"tech.2","tech.3","tech.2",300,35,235
44,"yes","no","yr2016",2016,0,0,0,8,18,20,"tech.4","tech.2","tech.1",330,245,85
45,"yes","no","yr2016",2016,0,1,0,36,33,42,"tech.4","tech.1","tech.4",65,65,130
46,"yes","yes","yr2016",2016,0,1,1,8,6,5,"tech.3","tech.1","tech.2",90,245,260
47,"no","no","yr2016",2016,0,0,0,22,15,11,"tech.4","tech.2","tech.4",290,325,360
48,"no","no","yr2016",2016,0,0,0,2,1,4,"tech.4","tech.2","tech.1",280,320,25
49,"yes","no","yr2016",2016,0,0,0,23,27,28,"tech.4","tech.1","tech.2",240,180,165
50,"yes","no","yr2016",2016,0,0,0,37,43,42,"tech.4","tech.2","tech.1",285,35,140
51,"no","no","yr2016",2016,0,0,0,7,9,6,"tech.1","tech.1","tech.3",115,120,5
52,"yes","no","yr2016",2016,0,0,0,44,62,73,"tech.3","tech.1","tech.1",320,55,65
53,"no","no","yr2016",2016,0,0,0,5,9,6,"tech.3","tech.1","tech.1",360,265,120
54,"no","no","yr2016",2016,0,0,0,22,29,24,"tech.2","tech.4","tech.2",315,185,35
55,"yes","no","yr2016",2016,0,0,0,116,141,138,"tech.3","tech.1","tech.2",35,130,180
56,"yes","no","yr2016",2016,0,0,0,0,0,0,"tech.2","tech.4","tech.3",250,150,85
57,"no","no","yr2016",2016,0,0,0,11,10,6,"tech.1","tech.2","tech.2",90,120,50
58,"yes","yes","yr2016",2016,0,0,0,4,6,8,"tech.3","tech.2","tech.4",310,35,135
59,"no","no","yr2016",2016,0,0,0,22,27,36,"tech.3","tech.1","tech.4",30,95,205
60,"yes","no","yr2016",2016,0,1,0,27,28,22,"tech.4","tech.2","tech.4",105,170,40
61,"no","no","yr2016",2016,0,0,0,7,2,11,"tech.4","tech.3","tech.1",215,335,215
62,"yes","yes","yr2016",2016,0,0,0,2,5,2,"tech.2","tech.1","tech.1",40,75,230
63,"no","no","yr2016",2016,0,0,0,4,8,1,"tech.1","tech.4","tech.2",325,125,345
64,"no","no","yr2016",2016,0,0,0,58,53,60,"tech.4","tech.1","tech.4",260,215,165
65,"yes","no","yr2016",2016,0,0,0,2,4,2,"tech.4","tech.3","tech.1",180,50,300
66,"no","no","yr2016",2016,0,1,1,0,0,0,"tech.1","tech.2","tech.1",120,110,270
67,"no","no","yr2016",2016,0,0,0,10,12,9,"tech.2","tech.3","tech.2",235,30,315
68,"yes","yes","yr2016",2016,1,0,1,21,23,19,"tech.1","tech.3","tech.1",205,195,70
69,"yes","yes","yr2016",2016,0,0,0,10,14,8,"tech.4","tech.2","tech.4",95,240,310
70,"no","no","yr2016",2016,0,0,0,10,8,9,"tech.3","tech.3","tech.2",180,325,275
71,"yes","no","yr2016",2016,0,0,0,23,15,16,"tech.3","tech.1","tech.4",60,305,145
72,"no","no","yr2016",2016,0,0,1,71,71,62,"tech.3","tech.3","tech.3",140,85,230
73,"no","no","yr2016",2016,0,0,1,20,16,14,"tech.4","tech.2","tech.1",245,300,25
74,"no","no","yr2016",2016,0,0,0,14,21,22,"tech.2","tech.3","tech.4",340,235,245
75,"yes","yes","yr2016",2016,0,0,0,7,13,14,"tech.2","tech.3","tech.3",330,45,240
76,"yes","yes","yr2016",2016,0,0,0,63,61,70,"tech.1","tech.4","tech.1",210,85,175
77,"no","no","yr2016",2016,0,0,0,0,0,0,"tech.1","tech.1","tech.1",145,195,245
78,"no","no","yr2016",2016,0,0,0,9,10,10,"tech.1","tech.2","tech.2",235,140,125
79,"yes","no","yr2016",2016,0,0,0,18,25,28,"tech.4","tech.4","tech.4",320,75,185
80,"no","no","yr2016",2016,0,0,0,0,0,0,"tech.1","tech.1","tech.1",65,55,80
81,"no","no","yr2016",2016,0,1,1,25,28,36,"tech.3","tech.1","tech.4",190,220,205
82,"no","no","yr2016",2016,0,0,0,4,3,10,"tech.3","tech.3","tech.3",10,40,90
83,"yes","yes","yr2016",2016,0,0,0,0,0,0,"tech.4","tech.4","tech.1",355,220,120
84,"yes","yes","yr2016",2016,1,0,0,31,30,40,"tech.1","tech.4","tech.3",315,10,170
85,"no","no","yr2016",2016,0,0,0,3,3,2,"tech.1","tech.3","tech.3",185,25,135
86,"yes","yes","yr2016",2016,0,0,0,0,0,0,"tech.3","tech.2","tech.4",115,305,320
87,"no","no","yr2016",2016,1,1,1,34,34,24,"tech.1","tech.2","tech.1",240,70,65
88,"yes","no","yr2016",2016,0,0,0,23,24,20,"tech.1","tech.4","tech.2",100,220,150
89,"no","no","yr2016",2016,0,0,0,0,0,0,"tech.4","tech.3","tech.3",225,85,10
90,"no","no","yr2016",2016,0,0,1,2,8,5,"tech.3","tech.3","tech.2",335,250,305
91,"yes","yes","yr2016",2016,0,0,0,7,3,6,"tech.1","tech.2","tech.4",100,330,50
92,"yes","no","yr2016",2016,0,0,0,5,5,4,"tech.1","tech.2","tech.4",295,90,245
93,"yes","yes","yr2016",2016,1,1,1,23,18,14,"tech.4","tech.1","tech.2",165,65,290
94,"yes","yes","yr2016",2016,0,0,0,15,12,12,"tech.3","tech.1","tech.2",165,55,205
95,"yes","yes","yr2016",2016,1,1,0,12,8,9,"tech.1","tech.2","tech.4",225,225,165
96,"no","no","yr2016",2016,0,1,0,15,9,17,"tech.2","tech.3","tech.4",90,300,200
97,"yes","no","yr2016",2016,0,0,0,35,31,29,"tech.1","tech.4","tech.4",185,230,10
98,"yes","yes","yr2016",2016,1,1,0,6,11,9,"tech.1","tech.1","tech.1",5,155,30
99,"no","no","yr2016",2016,0,0,0,4,1,6,"tech.2","tech.2","tech.3",145,360,115
100,"yes","yes","yr2016",2016,0,0,0,43,28,31,"tech.2","tech.3","tech.4",205,5,290
1,"yes","no","yr2017",2017,0,0,0,17,35,26,"tech.2","tech.2","tech.1",355,235,5
2,"no","no","yr2017",2017,0,0,0,22,31,36,"tech.4","tech.3","tech.3",290,225,230
3,"no","no","yr2017",2017,1,0,0,36,20,35,"tech.2","tech.2","tech.4",110,15,180
4,"yes","no","yr2017",2017,0,0,0,35,30,31,"tech.1","tech.3","tech.4",85,200,95
5,"no","no","yr2017",2017,0,0,0,32,29,36,"tech.2","tech.2","tech.1",210,260,125
6,"yes","no","yr2017",2017,0,0,0,22,22,33,"tech.3","tech.3","tech.4",0,15,225
7,"no","no","yr2017",2017,0,0,0,32,23,30,"tech.3","tech.4","tech.2",50,310,140
8,"yes","yes","yr2017",2017,0,1,1,37,24,31,"tech.3","tech.2","tech.2",125,40,210
9,"no","no","yr2017",2017,0,0,0,27,18,34,"tech.4","tech.1","tech.2",295,300,125
10,"yes","no","yr2017",2017,1,0,0,28,29,19,"tech.2","tech.4","tech.2",210,195,315
11,"yes","no","yr2017",2017,0,0,1,26,32,28,"tech.4","tech.1","tech.3",40,130,40
12,"yes","no","yr2017",2017,1,0,1,31,29,29,"tech.2","tech.4","tech.1",250,305,300
13,"yes","yes","yr2017",2017,0,0,0,38,24,16,"tech.1","tech.2","tech.4",105,15,340
14,"yes","yes","yr2017",2017,0,0,0,23,33,31,"tech.3","tech.3","tech.2",15,90,165
15,"no","no","yr2017",2017,0,0,0,26,31,23,"tech.4","tech.3","tech.3",155,230,95
16,"no","no","yr2017",2017,0,0,0,19,17,12,"tech.4","tech.2","tech.3",90,80,310
17,"yes","no","yr2017",2017,0,0,0,20,14,28,"tech.4","tech.4","tech.2",320,350,175
18,"no","no","yr2017",2017,0,0,0,15,20,21,"tech.2","tech.3","tech.3",340,340,325
19,"yes","no","yr2017",2017,0,0,0,40,31,38,"tech.4","tech.3","tech.3",135,135,115
20,"yes","no","yr2017",2017,0,0,0,31,31,21,"tech.1","tech.1","tech.3",240,180,285
21,"yes","no","yr2017",2017,0,0,0,23,23,21,"tech.4","tech.2","tech.3",235,300,155
22,"yes","no","yr2017",2017,0,0,0,16,36,46,"tech.4","tech.4","tech.4",320,45,155
23,"no","no","yr2017",2017,1,0,0,20,32,27,"tech.1","tech.4","tech.4",315,175,185
24,"no","no","yr2017",2017,0,0,0,12,14,9,"tech.1","tech.2","tech.2",0,35,335
25,"no","no","yr2017",2017,0,0,0,8,35,26,"tech.4","tech.1","tech.4",355,200,285
26,"yes","no","yr2017",2017,0,0,0,18,10,15,"tech.4","tech.3","tech.2",175,335,255
27,"no","no","yr2017",2017,0,0,0,28,30,13,"tech.1","tech.3","tech.4",275,115,345
28,"no","no","yr2017",2017,0,0,0,12,11,10,"tech.2","tech.2","tech.2",330,40,330
29,"no","no","yr2017",2017,0,0,0,7,12,13,"tech.2","tech.2","tech.3",55,275,240
30,"yes","no","yr2017",2017,0,0,0,13,10,17,"tech.4","tech.1","tech.2",45,255,125
31,"no","no","yr2017",2017,0,0,0,35,27,30,"tech.3","tech.4","tech.3",110,185,25
32,"no","no","yr2017",2017,0,1,1,12,10,5,"tech.3","tech.1","tech.3",250,35,10
33,"no","no","yr2017",2017,0,0,0,23,15,31,"tech.3","tech.3","tech.3",45,330,195
34,"no","no","yr2017",2017,0,0,0,6,27,22,"tech.3","tech.4","tech.1",345,205,160
35,"yes","no","yr2017",2017,0,0,0,9,14,15,"tech.4","tech.1","tech.1",360,260,50
36,"no","no","yr2017",2017,0,1,1,32,31,34,"tech.3","tech.1","tech.3",40,0,0
37,"yes","no","yr2017",2017,0,0,0,9,8,9,"tech.3","tech.4","tech.1",130,255,220
38,"yes","no","yr2017",2017,0,0,0,6,7,10,"tech.1","tech.4","tech.3",5,285,135
39,"yes","yes","yr2017",2017,0,0,0,5,6,4,"tech.3","tech.3","tech.2",325,270,265
40,"no","no","yr2017",2017,0,0,0,18,33,13,"tech.2","tech.2","tech.4",285,120,340
41,"no","no","yr2017",2017,0,0,0,18,42,23,"tech.3","tech.1","tech.4",330,95,5
42,"no","no","yr2017",2017,0,1,0,36,32,20,"tech.3","tech.2","tech.3",225,200,15
43,"no","no","yr2017",2017,0,1,0,13,8,11,"tech.3","tech.1","tech.2",95,50,170
44,"yes","no","yr2017",2017,0,0,0,18,20,12,"tech.2","tech.3","tech.4",180,80,325
45,"yes","no","yr2017",2017,0,1,0,31,39,33,"tech.1","tech.2","tech.2",285,205,205
46,"yes","yes","yr2017",2017,0,0,0,11,3,4,"tech.4","tech.4","tech.3",180,315,300
47,"no","no","yr2017",2017,0,0,0,30,15,19,"tech.4","tech.3","tech.1",145,335,70
48,"no","no","yr2017",2017,0,0,0,3,4,4,"tech.4","tech.3","tech.4",290,205,290
49,"yes","no","yr2017",2017,0,0,0,22,20,17,"tech.3","tech.3","tech.4",100,265,20
50,"yes","no","yr2017",2017,0,0,0,45,41,32,"tech.1","tech.1","tech.4",205,35,310
51,"no","no","yr2017",2017,0,0,0,8,9,7,"tech.1","tech.2","tech.3",260,115,310
52,"yes","no","yr2017",2017,0,0,0,64,70,68,"tech.1","tech.3","tech.3",115,115,155
53,"no","no","yr2017",2017,1,0,0,4,9,6,"tech.1","tech.4","tech.2",300,215,85
54,"no","no","yr2017",2017,0,0,0,13,16,37,"tech.3","tech.3","tech.3",325,325,135
55,"yes","no","yr2017",2017,0,0,0,105,111,83,"tech.3","tech.4","tech.4",260,125,275
56,"yes","no","yr2017",2017,0,0,0,0,0,0,"tech.3","tech.4","tech.4",160,355,175
57,"no","no","yr2017",2017,0,0,0,4,6,8,"tech.2","tech.4","tech.4",315,110,55
58,"yes","yes","yr2017",2017,0,0,0,8,10,10,"tech.3","tech.2","tech.1",150,230,160
59,"no","no","yr2017",2017,0,0,0,28,17,32,"tech.2","tech.4","tech.2",235,20,95
60,"yes","no","yr2017",2017,1,0,0,33,12,33,"tech.1","tech.3","tech.3",265,320,150
61,"no","no","yr2017",2017,0,0,0,9,8,12,"tech.1","tech.2","tech.1",120,260,250
62,"yes","yes","yr2017",2017,0,0,0,6,5,5,"tech.1","tech.4","tech.4",35,55,25
63,"no","no","yr2017",2017,0,0,0,9,7,7,"tech.1","tech.1","tech.4",100,15,65
64,"no","no","yr2017",2017,0,0,0,57,46,52,"tech.2","tech.2","tech.4",145,220,100
65,"yes","no","yr2017",2017,0,0,0,5,3,5,"tech.2","tech.4","tech.4",235,25,150
66,"no","no","yr2017",2017,0,1,0,0,0,0,"tech.2","tech.1","tech.1",170,80,295
67,"no","no","yr2017",2017,0,0,0,14,9,14,"tech.2","tech.4","tech.4",285,145,25
68,"yes","yes","yr2017",2017,0,0,0,21,26,23,"tech.2","tech.4","tech.1",50,160,180
69,"yes","yes","yr2017",2017,0,0,0,11,13,16,"tech.1","tech.1","tech.2",90,250,10
70,"no","no","yr2017",2017,0,0,0,7,12,6,"tech.3","tech.2","tech.3",335,145,290
71,"yes","no","yr2017",2017,0,0,1,27,27,22,"tech.2","tech.4","tech.1",190,230,230
72,"no","no","yr2017",2017,0,0,0,26,62,44,"tech.1","tech.3","tech.2",345,50,55
73,"no","no","yr2017",2017,0,0,0,27,15,24,"tech.2","tech.4","tech.3",230,30,130
74,"no","no","yr2017",2017,0,0,0,25,30,14,"tech.2","tech.2","tech.4",180,180,5
75,"yes","yes","yr2017",2017,0,0,0,13,8,17,"tech.4","tech.2","tech.1",250,355,300
76,"yes","yes","yr2017",2017,0,0,0,48,59,50,"tech.2","tech.4","tech.3",310,180,100
77,"no","no","yr2017",2017,0,0,0,0,0,0,"tech.1","tech.4","tech.3",275,20,290
78,"no","no","yr2017",2017,0,0,0,10,11,11,"tech.2","tech.3","tech.4",280,340,150
79,"yes","no","yr2017",2017,0,0,0,29,22,22,"tech.3","tech.2","tech.4",185,65,325
80,"no","no","yr2017",2017,0,0,0,0,0,0,"tech.2","tech.3","tech.3",45,155,45
81,"no","no","yr2017",2017,1,0,0,21,23,25,"tech.3","tech.2","tech.2",235,230,250
82,"no","no","yr2017",2017,0,0,0,14,7,6,"tech.3","tech.3","tech.3",20,345,60
83,"yes","yes","yr2017",2017,0,0,0,0,0,0,"tech.2","tech.2","tech.3",335,315,115
84,"yes","yes","yr2017",2017,0,1,0,21,28,19,"tech.3","tech.2","tech.2",305,245,355
85,"no","no","yr2017",2017,0,0,0,7,3,3,"tech.4","tech.4","tech.2",245,230,185
86,"yes","yes","yr2017",2017,0,0,0,0,0,0,"tech.4","tech.2","tech.4",15,295,355
87,"no","no","yr2017",2017,1,0,0,23,24,38,"tech.4","tech.1","tech.2",45,140,225
88,"yes","no","yr2017",2017,0,1,1,15,9,14,"tech.3","tech.1","tech.1",15,325,335
89,"no","no","yr2017",2017,0,0,0,0,0,0,"tech.4","tech.2","tech.3",15,345,140
90,"no","no","yr2017",2017,0,0,0,11,11,9,"tech.3","tech.2","tech.1",210,115,5
91,"yes","yes","yr2017",2017,0,0,0,7,8,5,"tech.2","tech.3","tech.1",200,205,55
92,"yes","no","yr2017",2017,0,1,0,7,6,9,"tech.2","tech.3","tech.4",55,110,135
93,"yes","yes","yr2017",2017,0,0,0,24,26,20,"tech.2","tech.4","tech.4",130,250,15
94,"yes","yes","yr2017",2017,0,0,0,17,12,16,"tech.3","tech.2","tech.4",205,250,255
95,"yes","yes","yr2017",2017,0,0,0,12,12,7,"tech.2","tech.3","tech.2",30,295,295
96,"no","no","yr2017",2017,0,0,0,21,10,15,"tech.2","tech.2","tech.3",205,335,5
97,"yes","no","yr2017",2017,0,0,0,30,28,17,"tech.1","tech.1","tech.1",300,250,350
98,"yes","yes","yr2017",2017,0,0,0,10,9,8,"tech.2","tech.3","tech.1",340,245,275
99,"no","no","yr2017",2017,0,0,0,5,5,4,"tech.1","tech.1","tech.3",140,185,245
100,"yes","yes","yr2017",2017,0,0,0,34,31,25,"tech.2","tech.4","tech.2",235,40,330
1,"yes","no","yr2018",2018,0,0,0,31,32,38,"tech.2","tech.4","tech.1",215,95,140
2,"no","no","yr2018",2018,1,0,1,35,39,28,"tech.2","tech.3","tech.1",195,170,90
3,"no","no","yr2018",2018,0,0,0,29,25,27,"tech.4","tech.1","tech.1",265,75,0
4,"yes","no","yr2018",2018,0,0,0,25,28,36,"tech.4","tech.3","tech.2",45,55,245
5,"no","no","yr2018",2018,0,0,0,34,32,37,"tech.1","tech.3","tech.1",145,155,130
6,"yes","no","yr2018",2018,0,0,0,21,23,30,"tech.3","tech.4","tech.4",10,300,75
7,"no","no","yr2018",2018,0,0,0,30,28,19,"tech.1","tech.1","tech.4",85,290,300
8,"yes","yes","yr2018",2018,1,0,0,31,28,30,"tech.1","tech.4","tech.4",285,65,325
9,"no","no","yr2018",2018,0,0,0,39,32,25,"tech.3","tech.4","tech.2",155,80,250
10,"yes","no","yr2018",2018,0,0,0,19,33,26,"tech.4","tech.4","tech.3",355,205,45
11,"yes","no","yr2018",2018,0,0,0,32,26,22,"tech.1","tech.2","tech.4",115,205,15
12,"yes","no","yr2018",2018,0,0,0,35,31,29,"tech.3","tech.3","tech.3",270,255,50
13,"yes","yes","yr2018",2018,0,0,0,19,30,24,"tech.1","tech.3","tech.4",315,155,285
14,"yes","yes","yr2018",2018,1,1,0,27,9,16,"tech.1","tech.2","tech.2",265,355,315
15,"no","no","yr2018",2018,0,0,0,15,17,16,"tech.4","tech.3","tech.4",330,315,340
16,"no","no","yr2018",2018,0,0,0,15,17,20,"tech.2","tech.3","tech.2",30,240,125
17,"yes","no","yr2018",2018,0,0,0,32,25,27,"tech.1","tech.3","tech.1",150,280,15
18,"no","no","yr2018",2018,0,1,0,32,32,30,"tech.4","tech.4","tech.3",50,30,290
19,"yes","no","yr2018",2018,0,1,0,35,39,31,"tech.1","tech.2","tech.1",35,155,50
20,"yes","no","yr2018",2018,0,0,0,25,12,30,"tech.4","tech.4","tech.3",30,345,220
21,"yes","no","yr2018",2018,0,0,0,28,16,20,"tech.2","tech.4","tech.1",145,230,220
22,"yes","no","yr2018",2018,0,0,0,32,34,34,"tech.2","tech.3","tech.4",55,80,255
23,"no","no","yr2018",2018,0,0,0,20,28,27,"tech.1","tech.1","tech.2",305,220,55
24,"no","no","yr2018",2018,0,0,0,12,11,13,"tech.2","tech.4","tech.1",305,350,15
25,"no","no","yr2018",2018,0,0,1,27,25,27,"tech.2","tech.1","tech.4",20,280,260
26,"yes","no","yr2018",2018,0,0,0,12,16,14,"tech.1","tech.4","tech.4",330,185,310
27,"no","no","yr2018",2018,0,0,0,33,28,33,"tech.1","tech.1","tech.1",120,70,65
28,"no","no","yr2018",2018,0,0,0,22,17,11,"tech.3","tech.4","tech.1",240,345,320
29,"no","no","yr2018",2018,0,0,0,10,13,11,"tech.4","tech.4","tech.2",315,40,280
30,"yes","no","yr2018",2018,0,0,1,3,10,12,"tech.1","tech.1","tech.3",315,160,275
31,"no","no","yr2018",2018,0,0,0,21,31,31,"tech.3","tech.2","tech.3",320,210,165
32,"no","no","yr2018",2018,0,0,0,12,13,12,"tech.1","tech.4","tech.4",280,225,295
33,"no","no","yr2018",2018,1,1,0,33,27,35,"tech.4","tech.2","tech.1",85,265,230
34,"no","no","yr2018",2018,0,0,0,21,28,21,"tech.2","tech.1","tech.2",305,105,40
35,"yes","no","yr2018",2018,0,0,0,17,16,13,"tech.1","tech.4","tech.4",205,105,310
36,"no","no","yr2018",2018,1,1,0,28,43,37,"tech.2","tech.1","tech.4",40,170,175
37,"yes","no","yr2018",2018,0,0,0,10,10,12,"tech.2","tech.2","tech.2",35,300,220
38,"yes","no","yr2018",2018,0,0,0,14,11,8,"tech.1","tech.2","tech.1",165,175,155
39,"yes","yes","yr2018",2018,0,0,0,7,5,10,"tech.4","tech.1","tech.4",60,25,175
40,"no","no","yr2018",2018,0,0,0,41,25,35,"tech.3","tech.4","tech.3",160,290,145
41,"no","no","yr2018",2018,0,0,0,15,38,37,"tech.4","tech.1","tech.1",345,160,180
42,"no","no","yr2018",2018,0,0,0,37,29,28,"tech.3","tech.4","tech.4",190,135,15
43,"no","no","yr2018",2018,0,0,0,12,14,12,"tech.1","tech.1","tech.3",105,185,200
44,"yes","no","yr2018",2018,1,1,0,25,16,15,"tech.2","tech.3","tech.3",235,345,290
45,"yes","no","yr2018",2018,0,1,0,32,30,36,"tech.4","tech.1","tech.4",10,295,75
46,"yes","yes","yr2018",2018,1,0,1,8,10,3,"tech.1","tech.4","tech.1",185,180,340
47,"no","no","yr2018",2018,0,1,0,21,24,31,"tech.1","tech.4","tech.4",30,55,150
48,"no","no","yr2018",2018,0,0,0,6,6,5,"tech.3","tech.1","tech.1",120,280,100
49,"yes","no","yr2018",2018,0,0,1,12,26,24,"tech.3","tech.4","tech.1",345,45,320
50,"yes","no","yr2018",2018,0,0,0,25,28,41,"tech.1","tech.3","tech.4",330,345,175
51,"no","no","yr2018",2018,0,0,0,7,6,13,"tech.2","tech.1","tech.4",350,285,70
52,"yes","no","yr2018",2018,1,0,1,23,49,36,"tech.1","tech.4","tech.1",360,235,30
53,"no","no","yr2018",2018,0,0,0,11,11,7,"tech.4","tech.1","tech.1",80,0,265
54,"no","no","yr2018",2018,0,0,0,37,20,27,"tech.2","tech.4","tech.4",110,270,105
55,"yes","no","yr2018",2018,0,0,0,96,63,101,"tech.2","tech.2","tech.2",170,310,190
56,"yes","no","yr2018",2018,0,0,0,0,0,0,"tech.1","tech.3","tech.2",335,280,320
57,"no","no","yr2018",2018,0,0,0,10,9,5,"tech.1","tech.2","tech.4",135,260,295
58,"yes","yes","yr2018",2018,0,0,0,9,9,7,"tech.2","tech.1","tech.2",20,230,270
59,"no","no","yr2018",2018,0,0,0,15,26,34,"tech.1","tech.3","tech.4",360,85,175
60,"yes","no","yr2018",2018,0,0,0,30,21,31,"tech.4","tech.1","tech.4",185,290,190
61,"no","no","yr2018",2018,0,0,0,13,7,14,"tech.1","tech.1","tech.4",225,70,60
62,"yes","yes","yr2018",2018,0,0,0,7,6,2,"tech.3","tech.2","tech.1",135,120,310
63,"no","no","yr2018",2018,0,0,0,5,4,10,"tech.3","tech.1","tech.3",355,15,305
64,"no","no","yr2018",2018,0,0,0,40,39,40,"tech.4","tech.1","tech.4",265,20,30
65,"yes","no","yr2018",2018,0,0,0,2,7,5,"tech.1","tech.1","tech.1",105,10,270
66,"no","no","yr2018",2018,0,0,0,0,0,0,"tech.4","tech.4","tech.4",135,65,315
67,"no","no","yr2018",2018,0,0,0,8,14,13,"tech.3","tech.4","tech.2",315,180,185
68,"yes","yes","yr2018",2018,0,0,0,26,28,22,"tech.1","tech.3","tech.3",165,170,155
69,"yes","yes","yr2018",2018,1,0,0,7,15,14,"tech.1","tech.3","tech.4",355,140,295
70,"no","no","yr2018",2018,0,0,0,14,16,15,"tech.4","tech.2","tech.3",15,255,280
71,"yes","no","yr2018",2018,1,0,0,21,20,24,"tech.3","tech.3","tech.3",120,15,65
72,"no","no","yr2018",2018,0,0,0,52,42,58,"tech.1","tech.4","tech.1",220,5,165
73,"no","no","yr2018",2018,0,0,0,19,25,26,"tech.2","tech.4","tech.2",280,90,225
74,"no","no","yr2018",2018,0,0,1,21,31,26,"tech.1","tech.2","tech.3",5,145,230
75,"yes","yes","yr2018",2018,0,1,0,26,27,26,"tech.2","tech.2","tech.1",140,130,125
76,"yes","yes","yr2018",2018,0,0,0,52,49,32,"tech.3","tech.1","tech.4",120,190,35
77,"no","no","yr2018",2018,0,0,0,0,0,0,"tech.1","tech.1","tech.3",295,90,125
78,"no","no","yr2018",2018,1,0,0,4,12,13,"tech.1","tech.2","tech.2",340,80,70
79,"yes","no","yr2018",2018,0,0,0,28,20,18,"tech.4","tech.2","tech.2",125,40,335
80,"no","no","yr2018",2018,0,0,0,0,0,0,"tech.3","tech.1","tech.3",335,200,95
81,"no","no","yr2018",2018,0,1,1,10,31,10,"tech.3","tech.1","tech.1",360,205,345
82,"no","no","yr2018",2018,0,0,0,14,17,11,"tech.3","tech.3","tech.3",100,150,180
83,"yes","yes","yr2018",2018,0,0,0,0,0,0,"tech.4","tech.3","tech.1",165,85,185
84,"yes","yes","yr2018",2018,1,1,0,32,34,34,"tech.3","tech.2","tech.2",185,225,65
85,"no","no","yr2018",2018,0,1,1,3,6,4,"tech.2","tech.2","tech.2",0,130,270
86,"yes","yes","yr2018",2018,0,0,0,0,0,0,"tech.2","tech.1","tech.4",270,325,270
87,"no","no","yr2018",2018,0,0,0,31,17,16,"tech.2","tech.3","tech.4",230,320,340
88,"yes","no","yr2018",2018,0,0,0,22,24,11,"tech.3","tech.3","tech.2",105,150,360
89,"no","no","yr2018",2018,0,0,0,0,0,0,"tech.3","tech.4","tech.2",190,140,285
90,"no","no","yr2018",2018,0,0,0,9,11,11,"tech.4","tech.4","tech.2",275,305,195
91,"yes","yes","yr2018",2018,0,0,0,11,11,11,"tech.2","tech.3","tech.4",205,190,190
92,"yes","no","yr2018",2018,0,0,0,11,9,12,"tech.1","tech.1","tech.3",140,260,30
93,"yes","yes","yr2018",2018,0,0,1,14,20,22,"tech.2","tech.2","tech.1",345,80,255
94,"yes","yes","yr2018",2018,0,1,1,13,20,14,"tech.2","tech.1","tech.3",290,70,30
95,"yes","yes","yr2018",2018,0,0,0,12,16,12,"tech.2","tech.1","tech.2",100,45,305
96,"no","no","yr2018",2018,0,0,0,22,17,15,"tech.2","tech.4","tech.4",165,40,190
97,"yes","no","yr2018",2018,0,0,0,38,30,39,"tech.3","tech.1","tech.1",110,105,115
98,"yes","yes","yr2018",2018,0,0,0,15,14,12,"tech.4","tech.3","tech.2",225,80,240
99,"no","no","yr2018",2018,0,0,0,6,1,4,"tech.1","tech.3","tech.3",135,355,150
100,"yes","yes","yr2018",2018,0,0,0,25,27,36,"tech.2","tech.3","tech.1",325,330,220
