"o.sites","counted","marked","yearname","year","cheatgrass","sagebrush","Feb.minT","AprMay.maxT"
1,"yes","no","yr2007",2007,4.2,1.5,-11.1,32.2
2,"no","no","yr2007",2007,10.4,1.2,-11.1,32.2
3,"no","no","yr2007",2007,11.5,19,-11.1,32.2
4,"yes","no","yr2007",2007,12,7.3,-11.1,32.2
5,"no","no","yr2007",2007,9.1,1.1,-11.1,32.2
6,"yes","no","yr2007",2007,26.6,4.5,-11.1,32.2
7,"no","no","yr2007",2007,10.3,0,-11.1,32.2
8,"yes","yes","yr2007",2007,9.9,3.5,-11.1,32.2
9,"no","no","yr2007",2007,8.7,0.3,-11.1,32.2
10,"yes","no","yr2007",2007,3.3,2.4,-11.1,32.2
11,"yes","no","yr2007",2007,2.9,2.9,-11.1,32.2
12,"yes","no","yr2007",2007,13.7,12.9,-11.1,32.2
13,"yes","yes","yr2007",2007,11.5,12,-11.1,32.2
14,"yes","yes","yr2007",2007,11.5,13.5,-11.1,32.2
15,"no","no","yr2007",2007,8.8,1.3,-11.1,32.2
16,"no","no","yr2007",2007,3,0.6,-11.1,32.2
17,"yes","no","yr2007",2007,10.3,4.2,-11.1,32.2
18,"no","no","yr2007",2007,0.1,0,-11.1,32.2
19,"yes","no","yr2007",2007,10.6,3.5,-11.1,32.2
20,"yes","no","yr2007",2007,7.3,0.3,-11.1,32.2
21,"yes","no","yr2007",2007,10.3,3.3,-11.1,32.2
22,"yes","no","yr2007",2007,12.9,0.6,-11.1,32.2
23,"no","no","yr2007",2007,13.3,3.7,-11.1,32.2
24,"no","no","yr2007",2007,16.2,0.9,-11.1,32.2
25,"no","no","yr2007",2007,17,6.6,-11.1,32.2
26,"yes","no","yr2007",2007,7.3,0.2,-11.1,32.2
27,"no","no","yr2007",2007,11.8,0.7,-11.1,32.2
28,"no","no","yr2007",2007,2.4,0.5,-11.1,32.2
29,"no","no","yr2007",2007,7.1,0.3,-11.1,32.2
30,"yes","no","yr2007",2007,6.8,1.1,-11.1,32.2
31,"no","no","yr2007",2007,16.3,7.6,-11.1,32.2
32,"no","no","yr2007",2007,2.6,0.1,-11.1,32.2
33,"no","no","yr2007",2007,10.8,11.9,-11.1,32.2
34,"no","no","yr2007",2007,17,8.3,-11.1,32.2
35,"yes","no","yr2007",2007,21.9,4.1,-11.1,32.2
36,"no","no","yr2007",2007,2.5,1.8,-11.1,32.2
37,"yes","no","yr2007",2007,6.2,0.3,-11.1,32.2
38,"yes","no","yr2007",2007,2.3,0,-11.1,32.2
39,"yes","yes","yr2007",2007,4.1,0,-11.1,32.2
40,"no","no","yr2007",2007,7.5,1.7,-11.1,32.2
41,"no","no","yr2007",2007,11.8,7.5,-11.1,32.2
42,"no","no","yr2007",2007,10.1,3.8,-11.1,32.2
43,"no","no","yr2007",2007,4.5,0.6,-11.1,32.2
44,"yes","no","yr2007",2007,10,8,-11.1,32.2
45,"yes","no","yr2007",2007,1,1.8,-11.1,32.2
46,"yes","yes","yr2007",2007,2.1,0.6,-11.1,32.2
47,"no","no","yr2007",2007,16.5,0.3,-11.1,32.2
48,"no","no","yr2007",2007,0.2,0,-11.1,32.2
49,"yes","no","yr2007",2007,16.9,11.6,-11.1,32.2
50,"yes","no","yr2007",2007,18.1,2.7,-11.1,32.2
51,"no","no","yr2007",2007,19.9,4.7,-11.1,32.2
52,"yes","no","yr2007",2007,8.9,1.5,-11.1,32.2
53,"no","no","yr2007",2007,14.5,4.7,-11.1,32.2
54,"no","no","yr2007",2007,9.4,5,-11.1,32.2
55,"yes","no","yr2007",2007,0,0,-11.1,32.2
56,"yes","no","yr2007",2007,10.6,0,-11.1,32.2
57,"no","no","yr2007",2007,7.1,1.7,-11.1,32.2
58,"yes","yes","yr2007",2007,17.9,4.4,-11.1,32.2
59,"no","no","yr2007",2007,16.5,0.5,-11.1,32.2
60,"yes","no","yr2007",2007,6.3,2,-11.1,32.2
61,"no","no","yr2007",2007,17.2,0,-11.1,32.2
62,"yes","yes","yr2007",2007,18.6,1,-11.1,32.2
63,"no","no","yr2007",2007,23.9,5.4,-11.1,32.2
64,"no","no","yr2007",2007,10.2,0.4,-11.1,32.2
65,"yes","no","yr2007",2007,4.9,0.2,-11.1,32.2
66,"no","no","yr2007",2007,9.5,5.4,-11.1,32.2
67,"no","no","yr2007",2007,12.3,4.2,-11.1,32.2
68,"yes","yes","yr2007",2007,12.6,5.7,-11.1,32.2
69,"yes","yes","yr2007",2007,13.5,1.7,-11.1,32.2
70,"no","no","yr2007",2007,1.9,6.1,-11.1,32.2
71,"yes","no","yr2007",2007,5.3,3.4,-11.1,32.2
72,"no","no","yr2007",2007,16.1,0.3,-11.1,32.2
73,"no","no","yr2007",2007,11.9,11.4,-11.1,32.2
74,"no","no","yr2007",2007,3.6,0,-11.1,32.2
75,"yes","yes","yr2007",2007,12.3,8.7,-11.1,32.2
76,"yes","yes","yr2007",2007,15,3.3,-11.1,32.2
77,"no","no","yr2007",2007,4.8,0.3,-11.1,32.2
78,"no","no","yr2007",2007,29.1,6.8,-11.1,32.2
79,"yes","no","yr2007",2007,14.1,16,-11.1,32.2
80,"no","no","yr2007",2007,7.2,3.1,-11.1,32.2
81,"no","no","yr2007",2007,7.1,0.9,-11.1,32.2
82,"no","no","yr2007",2007,17.6,4.7,-11.1,32.2
83,"yes","yes","yr2007",2007,24.1,1.8,-11.1,32.2
84,"yes","yes","yr2007",2007,2.9,9,-11.1,32.2
85,"no","no","yr2007",2007,7.4,0.1,-11.1,32.2
86,"yes","yes","yr2007",2007,5,2.1,-11.1,32.2
87,"no","no","yr2007",2007,10.1,0,-11.1,32.2
88,"yes","no","yr2007",2007,20.5,5.4,-11.1,32.2
89,"no","no","yr2007",2007,17.7,4.5,-11.1,32.2
90,"no","no","yr2007",2007,1.3,0,-11.1,32.2
91,"yes","yes","yr2007",2007,7.3,0.8,-11.1,32.2
92,"yes","no","yr2007",2007,15.3,8.9,-11.1,32.2
93,"yes","yes","yr2007",2007,9.4,3.4,-11.1,32.2
94,"yes","yes","yr2007",2007,3.5,2.4,-11.1,32.2
95,"yes","yes","yr2007",2007,19.5,6.9,-11.1,32.2
96,"no","no","yr2007",2007,12.2,8.3,-11.1,32.2
97,"yes","no","yr2007",2007,13,12.9,-11.1,32.2
98,"yes","yes","yr2007",2007,13.7,5.8,-11.1,32.2
99,"no","no","yr2007",2007,16.6,1.3,-11.1,32.2
100,"yes","yes","yr2007",2007,20.9,9.4,-11.1,32.2
1,"yes","no","yr2008",2008,2.3,1.5,-5.6,35
2,"no","no","yr2008",2008,7.8,1.2,-5.6,35
3,"no","no","yr2008",2008,11.5,21.4,-5.6,35
4,"yes","no","yr2008",2008,7.1,7.3,-5.6,35
5,"no","no","yr2008",2008,9.8,1.2,-5.6,35
6,"yes","no","yr2008",2008,22.8,4.5,-5.6,35
7,"no","no","yr2008",2008,11.8,0,-5.6,35
8,"yes","yes","yr2008",2008,9.3,3.5,-5.6,35
9,"no","no","yr2008",2008,1.7,0.3,-5.6,35
10,"yes","no","yr2008",2008,5,2.4,-5.6,35
11,"yes","no","yr2008",2008,2.6,2.9,-5.6,35
12,"yes","no","yr2008",2008,13.1,13.5,-5.6,35
13,"yes","yes","yr2008",2008,13.5,12.1,-5.6,35
14,"yes","yes","yr2008",2008,9.3,13.5,-5.6,35
15,"no","no","yr2008",2008,4.8,1.3,-5.6,35
16,"no","no","yr2008",2008,3.2,0.6,-5.6,35
17,"yes","no","yr2008",2008,10.2,4.2,-5.6,35
18,"no","no","yr2008",2008,0,0,-5.6,35
19,"yes","no","yr2008",2008,4,3.5,-5.6,35
20,"yes","no","yr2008",2008,4,0.3,-5.6,35
21,"yes","no","yr2008",2008,9.9,3.5,-5.6,35
22,"yes","no","yr2008",2008,9.4,0.6,-5.6,35
23,"no","no","yr2008",2008,11.7,3.8,-5.6,35
24,"no","no","yr2008",2008,17,1,-5.6,35
25,"no","no","yr2008",2008,16.1,7.7,-5.6,35
26,"yes","no","yr2008",2008,7.1,0.2,-5.6,35
27,"no","no","yr2008",2008,10.4,0.7,-5.6,35
28,"no","no","yr2008",2008,3.1,0.5,-5.6,35
29,"no","no","yr2008",2008,6.9,0.4,-5.6,35
30,"yes","no","yr2008",2008,6.7,1.1,-5.6,35
31,"no","no","yr2008",2008,13.4,8.4,-5.6,35
32,"no","no","yr2008",2008,2.8,0.1,-5.6,35
33,"no","no","yr2008",2008,10.9,11.9,-5.6,35
34,"no","no","yr2008",2008,13.3,8.6,-5.6,35
35,"yes","no","yr2008",2008,24.8,4.1,-5.6,35
36,"no","no","yr2008",2008,3.7,1.8,-5.6,35
37,"yes","no","yr2008",2008,5.8,0.3,-5.6,35
38,"yes","no","yr2008",2008,0.4,0,-5.6,35
39,"yes","yes","yr2008",2008,2.9,0,-5.6,35
40,"no","no","yr2008",2008,6.4,1.8,-5.6,35
41,"no","no","yr2008",2008,10.8,8,-5.6,35
42,"no","no","yr2008",2008,8.7,4.3,-5.6,35
43,"no","no","yr2008",2008,2.4,0.6,-5.6,35
44,"yes","no","yr2008",2008,9.9,8,-5.6,35
45,"yes","no","yr2008",2008,3.2,1.8,-5.6,35
46,"yes","yes","yr2008",2008,3.5,0.6,-5.6,35
47,"no","no","yr2008",2008,10,1.7,-5.6,35
48,"no","no","yr2008",2008,0,0,-5.6,35
49,"yes","no","yr2008",2008,10.4,12.5,-5.6,35
50,"yes","no","yr2008",2008,13.7,2.7,-5.6,35
51,"no","no","yr2008",2008,19.6,4.8,-5.6,35
52,"yes","no","yr2008",2008,7.1,1.5,-5.6,35
53,"no","no","yr2008",2008,12.5,4.7,-5.6,35
54,"no","no","yr2008",2008,2.8,5,-5.6,35
55,"yes","no","yr2008",2008,11.8,0,-5.6,35
56,"yes","no","yr2008",2008,2.9,0,-5.6,35
57,"no","no","yr2008",2008,7.3,1.7,-5.6,35
58,"yes","yes","yr2008",2008,14.5,4.4,-5.6,35
59,"no","no","yr2008",2008,16.7,0.5,-5.6,35
60,"yes","no","yr2008",2008,3.3,2,-5.6,35
61,"no","no","yr2008",2008,1.9,0,-5.6,35
62,"yes","yes","yr2008",2008,17.3,1,-5.6,35
63,"no","no","yr2008",2008,23.2,5.4,-5.6,35
64,"no","no","yr2008",2008,9.2,0.4,-5.6,35
65,"yes","no","yr2008",2008,0.5,0.2,-5.6,35
66,"no","no","yr2008",2008,8.8,5.6,-5.6,35
67,"no","no","yr2008",2008,8,4.2,-5.6,35
68,"yes","yes","yr2008",2008,12.2,5.8,-5.6,35
69,"yes","yes","yr2008",2008,9.5,3.7,-5.6,35
70,"no","no","yr2008",2008,5.8,6.2,-5.6,35
71,"yes","no","yr2008",2008,6.9,3.5,-5.6,35
72,"no","no","yr2008",2008,9.5,2.2,-5.6,35
73,"no","no","yr2008",2008,9.4,13.5,-5.6,35
74,"no","no","yr2008",2008,7.9,0,-5.6,35
75,"yes","yes","yr2008",2008,11.9,9.3,-5.6,35
76,"yes","yes","yr2008",2008,13.9,3.3,-5.6,35
77,"no","no","yr2008",2008,1.3,0.3,-5.6,35
78,"no","no","yr2008",2008,19.1,6.8,-5.6,35
79,"yes","no","yr2008",2008,11.7,16.5,-5.6,35
80,"no","no","yr2008",2008,8.6,3.1,-5.6,35
81,"no","no","yr2008",2008,5.6,2.3,-5.6,35
82,"no","no","yr2008",2008,16.9,4.8,-5.6,35
83,"yes","yes","yr2008",2008,14.2,2.1,-5.6,35
84,"yes","yes","yr2008",2008,2.5,9,-5.6,35
85,"no","no","yr2008",2008,2.9,0.1,-5.6,35
86,"yes","yes","yr2008",2008,3,2.1,-5.6,35
87,"no","no","yr2008",2008,8.6,0,-5.6,35
88,"yes","no","yr2008",2008,13.3,6,-5.6,35
89,"no","no","yr2008",2008,16.1,4.5,-5.6,35
90,"no","no","yr2008",2008,0.1,0,-5.6,35
91,"yes","yes","yr2008",2008,5.7,0.8,-5.6,35
92,"yes","no","yr2008",2008,11.9,9,-5.6,35
93,"yes","yes","yr2008",2008,8.2,3.5,-5.6,35
94,"yes","yes","yr2008",2008,3.7,2.4,-5.6,35
95,"yes","yes","yr2008",2008,12.5,9.8,-5.6,35
96,"no","no","yr2008",2008,12.2,9.5,-5.6,35
97,"yes","no","yr2008",2008,11.2,13,-5.6,35
98,"yes","yes","yr2008",2008,9.8,6.4,-5.6,35
99,"no","no","yr2008",2008,10.2,1.3,-5.6,35
100,"yes","yes","yr2008",2008,15.6,9.4,-5.6,35
1,"yes","no","yr2009",2009,10.7,1,-6.7,36.7
2,"no","no","yr2009",2009,6,5.1,-6.7,36.7
3,"no","no","yr2009",2009,11.4,21.4,-6.7,36.7
4,"yes","no","yr2009",2009,14.4,6.4,-6.7,36.7
5,"no","no","yr2009",2009,10.4,0.9,-6.7,36.7
6,"yes","no","yr2009",2009,21.3,4.6,-6.7,36.7
7,"no","no","yr2009",2009,8.1,3.1,-6.7,36.7
8,"yes","yes","yr2009",2009,5.4,2.8,-6.7,36.7
9,"no","no","yr2009",2009,12.9,3.6,-6.7,36.7
10,"yes","no","yr2009",2009,6.1,2.7,-6.7,36.7
11,"yes","no","yr2009",2009,3.2,3.5,-6.7,36.7
12,"yes","no","yr2009",2009,12.4,14.2,-6.7,36.7
13,"yes","yes","yr2009",2009,6.4,17,-6.7,36.7
14,"yes","yes","yr2009",2009,8.9,12.5,-6.7,36.7
15,"no","no","yr2009",2009,1.7,1.8,-6.7,36.7
16,"no","no","yr2009",2009,7.7,0.5,-6.7,36.7
17,"yes","no","yr2009",2009,9.4,4.1,-6.7,36.7
18,"no","no","yr2009",2009,0.5,0,-6.7,36.7
19,"yes","no","yr2009",2009,13.1,4.7,-6.7,36.7
20,"yes","no","yr2009",2009,6.7,0.4,-6.7,36.7
21,"yes","no","yr2009",2009,10.2,5.6,-6.7,36.7
22,"yes","no","yr2009",2009,9,0.6,-6.7,36.7
23,"no","no","yr2009",2009,11.2,4.5,-6.7,36.7
24,"no","no","yr2009",2009,11.2,0.4,-6.7,36.7
25,"no","no","yr2009",2009,16.4,7.7,-6.7,36.7
26,"yes","no","yr2009",2009,11.4,3.7,-6.7,36.7
27,"no","no","yr2009",2009,8.9,0.4,-6.7,36.7
28,"no","no","yr2009",2009,11.6,4.1,-6.7,36.7
29,"no","no","yr2009",2009,8.5,0.6,-6.7,36.7
30,"yes","no","yr2009",2009,4,1,-6.7,36.7
31,"no","no","yr2009",2009,9.9,10.1,-6.7,36.7
32,"no","no","yr2009",2009,7.9,1.9,-6.7,36.7
33,"no","no","yr2009",2009,10.8,11.9,-6.7,36.7
34,"no","no","yr2009",2009,13.3,8,-6.7,36.7
35,"yes","no","yr2009",2009,20.6,3.3,-6.7,36.7
36,"no","no","yr2009",2009,1.7,1.4,-6.7,36.7
37,"yes","no","yr2009",2009,2.1,0.2,-6.7,36.7
38,"yes","no","yr2009",2009,9.9,0.1,-6.7,36.7
39,"yes","yes","yr2009",2009,6.8,0,-6.7,36.7
40,"no","no","yr2009",2009,5.2,2.4,-6.7,36.7
41,"no","no","yr2009",2009,17.6,8.3,-6.7,36.7
42,"no","no","yr2009",2009,8.1,4.8,-6.7,36.7
43,"no","no","yr2009",2009,7.4,2.3,-6.7,36.7
44,"yes","no","yr2009",2009,9.6,8.5,-6.7,36.7
45,"yes","no","yr2009",2009,5.9,3.3,-6.7,36.7
46,"yes","yes","yr2009",2009,8.3,2,-6.7,36.7
47,"no","no","yr2009",2009,13.7,2.2,-6.7,36.7
48,"no","no","yr2009",2009,0,0,-6.7,36.7
49,"yes","no","yr2009",2009,9,11.1,-6.7,36.7
50,"yes","no","yr2009",2009,14.4,3.8,-6.7,36.7
51,"no","no","yr2009",2009,12.3,7.1,-6.7,36.7
52,"yes","no","yr2009",2009,7.8,1.4,-6.7,36.7
53,"no","no","yr2009",2009,12.8,2.9,-6.7,36.7
54,"no","no","yr2009",2009,5,4.2,-6.7,36.7
55,"yes","no","yr2009",2009,5.4,0.2,-6.7,36.7
56,"yes","no","yr2009",2009,15.3,1.5,-6.7,36.7
57,"no","no","yr2009",2009,7,1.6,-6.7,36.7
58,"yes","yes","yr2009",2009,15.1,3.9,-6.7,36.7
59,"no","no","yr2009",2009,16.3,0.6,-6.7,36.7
60,"yes","no","yr2009",2009,5.7,3,-6.7,36.7
61,"no","no","yr2009",2009,6.1,0,-6.7,36.7
62,"yes","yes","yr2009",2009,16.4,3.7,-6.7,36.7
63,"no","no","yr2009",2009,18.5,5.2,-6.7,36.7
64,"no","no","yr2009",2009,6.4,0.6,-6.7,36.7
65,"yes","no","yr2009",2009,12.4,3.4,-6.7,36.7
66,"no","no","yr2009",2009,9,5.4,-6.7,36.7
67,"no","no","yr2009",2009,10.8,3.2,-6.7,36.7
68,"yes","yes","yr2009",2009,11.7,5.2,-6.7,36.7
69,"yes","yes","yr2009",2009,11.1,4.8,-6.7,36.7
70,"no","no","yr2009",2009,0,5.3,-6.7,36.7
71,"yes","no","yr2009",2009,5.1,4,-6.7,36.7
72,"no","no","yr2009",2009,8,4.5,-6.7,36.7
73,"no","no","yr2009",2009,9.7,13.5,-6.7,36.7
74,"no","no","yr2009",2009,1.9,1.1,-6.7,36.7
75,"yes","yes","yr2009",2009,9.9,8.3,-6.7,36.7
76,"yes","yes","yr2009",2009,11.6,5.3,-6.7,36.7
77,"no","no","yr2009",2009,12.8,2.6,-6.7,36.7
78,"no","no","yr2009",2009,18.6,5.8,-6.7,36.7
79,"yes","no","yr2009",2009,8.4,19.3,-6.7,36.7
80,"no","no","yr2009",2009,7,2.6,-6.7,36.7
81,"no","no","yr2009",2009,3.8,5.5,-6.7,36.7
82,"no","no","yr2009",2009,17.3,4.5,-6.7,36.7
83,"yes","yes","yr2009",2009,24.8,3.8,-6.7,36.7
84,"yes","yes","yr2009",2009,3.3,8.8,-6.7,36.7
85,"no","no","yr2009",2009,11.5,1.1,-6.7,36.7
86,"yes","yes","yr2009",2009,4.6,2.6,-6.7,36.7
87,"no","no","yr2009",2009,12.1,3.6,-6.7,36.7
88,"yes","no","yr2009",2009,15.6,6.4,-6.7,36.7
89,"no","no","yr2009",2009,17.9,4.2,-6.7,36.7
90,"no","no","yr2009",2009,2.6,0,-6.7,36.7
91,"yes","yes","yr2009",2009,6.7,2.9,-6.7,36.7
92,"yes","no","yr2009",2009,14.8,7.2,-6.7,36.7
93,"yes","yes","yr2009",2009,7.9,6,-6.7,36.7
94,"yes","yes","yr2009",2009,3.7,2.9,-6.7,36.7
95,"yes","yes","yr2009",2009,15,9.3,-6.7,36.7
96,"no","no","yr2009",2009,13.2,10.1,-6.7,36.7
97,"yes","no","yr2009",2009,10.5,13.7,-6.7,36.7
98,"yes","yes","yr2009",2009,11.4,7.5,-6.7,36.7
99,"no","no","yr2009",2009,14.3,2.9,-6.7,36.7
100,"yes","yes","yr2009",2009,17.6,8.3,-6.7,36.7
1,"yes","no","yr2010",2010,16.3,1.2,-4.4,28.3
2,"no","no","yr2010",2010,11.7,10.1,-4.4,28.3
3,"no","no","yr2010",2010,11.4,21.4,-4.4,28.3
4,"yes","no","yr2010",2010,12.3,5.4,-4.4,28.3
5,"no","no","yr2010",2010,12.5,1.3,-4.4,28.3
6,"yes","no","yr2010",2010,23.7,4.1,-4.4,28.3
7,"no","no","yr2010",2010,10.8,1.9,-4.4,28.3
8,"yes","yes","yr2010",2010,11.2,3.6,-4.4,28.3
9,"no","no","yr2010",2010,19.2,2,-4.4,28.3
10,"yes","no","yr2010",2010,6.6,2.6,-4.4,28.3
11,"yes","no","yr2010",2010,3.3,4.1,-4.4,28.3
12,"yes","no","yr2010",2010,12.6,14.6,-4.4,28.3
13,"yes","yes","yr2010",2010,10.9,15.5,-4.4,28.3
14,"yes","yes","yr2010",2010,9.5,11.7,-4.4,28.3
15,"no","no","yr2010",2010,18.3,5.6,-4.4,28.3
16,"no","no","yr2010",2010,13.4,0.4,-4.4,28.3
17,"yes","no","yr2010",2010,12.3,4,-4.4,28.3
18,"no","no","yr2010",2010,2.4,0.4,-4.4,28.3
19,"yes","no","yr2010",2010,9.5,3.9,-4.4,28.3
20,"yes","no","yr2010",2010,10.9,0.7,-4.4,28.3
21,"yes","no","yr2010",2010,9.3,5.2,-4.4,28.3
22,"yes","no","yr2010",2010,15.9,2,-4.4,28.3
23,"no","no","yr2010",2010,10.2,4.9,-4.4,28.3
24,"no","no","yr2010",2010,15.3,3.5,-4.4,28.3
25,"no","no","yr2010",2010,17.3,9.3,-4.4,28.3
26,"yes","no","yr2010",2010,12.4,4.2,-4.4,28.3
27,"no","no","yr2010",2010,17.4,1.4,-4.4,28.3
28,"no","no","yr2010",2010,9.8,4.7,-4.4,28.3
29,"no","no","yr2010",2010,14.1,1.1,-4.4,28.3
30,"yes","no","yr2010",2010,8.5,1.2,-4.4,28.3
31,"no","no","yr2010",2010,15.9,16.1,-4.4,28.3
32,"no","no","yr2010",2010,7.5,2.1,-4.4,28.3
33,"no","no","yr2010",2010,11.7,12.6,-4.4,28.3
34,"no","no","yr2010",2010,16.6,7.3,-4.4,28.3
35,"yes","no","yr2010",2010,23.3,2.3,-4.4,28.3
36,"no","no","yr2010",2010,5.1,2.2,-4.4,28.3
37,"yes","no","yr2010",2010,14.1,0,-4.4,28.3
38,"yes","no","yr2010",2010,12.6,0.1,-4.4,28.3
39,"yes","yes","yr2010",2010,12.3,0,-4.4,28.3
40,"no","no","yr2010",2010,7.3,10.5,-4.4,28.3
41,"no","no","yr2010",2010,21.6,8.6,-4.4,28.3
42,"no","no","yr2010",2010,13.9,4.2,-4.4,28.3
43,"no","no","yr2010",2010,8.2,1.2,-4.4,28.3
44,"yes","no","yr2010",2010,10.2,8.7,-4.4,28.3
45,"yes","no","yr2010",2010,5.6,3,-4.4,28.3
46,"yes","yes","yr2010",2010,8,2.5,-4.4,28.3
47,"no","no","yr2010",2010,19.6,4,-4.4,28.3
48,"no","no","yr2010",2010,5.6,0,-4.4,28.3
49,"yes","no","yr2010",2010,15.1,19.3,-4.4,28.3
50,"yes","no","yr2010",2010,17,3.9,-4.4,28.3
51,"no","no","yr2010",2010,10.3,6,-4.4,28.3
52,"yes","no","yr2010",2010,13.9,4.3,-4.4,28.3
53,"no","no","yr2010",2010,14.8,3.5,-4.4,28.3
54,"no","no","yr2010",2010,15.5,4.4,-4.4,28.3
55,"yes","no","yr2010",2010,22.5,0.2,-4.4,28.3
56,"yes","no","yr2010",2010,24,1.5,-4.4,28.3
57,"no","no","yr2010",2010,13.2,3.9,-4.4,28.3
58,"yes","yes","yr2010",2010,13.1,5.4,-4.4,28.3
59,"no","no","yr2010",2010,21.8,0.7,-4.4,28.3
60,"yes","no","yr2010",2010,10.5,3.6,-4.4,28.3
61,"no","no","yr2010",2010,15,0.6,-4.4,28.3
62,"yes","yes","yr2010",2010,13.6,2.8,-4.4,28.3
63,"no","no","yr2010",2010,20.6,4.5,-4.4,28.3
64,"no","no","yr2010",2010,16.5,1,-4.4,28.3
65,"yes","no","yr2010",2010,15.5,2.1,-4.4,28.3
66,"no","no","yr2010",2010,12.2,6.4,-4.4,28.3
67,"no","no","yr2010",2010,12,2.1,-4.4,28.3
68,"yes","yes","yr2010",2010,15.4,6.6,-4.4,28.3
69,"yes","yes","yr2010",2010,17.6,12.2,-4.4,28.3
70,"no","no","yr2010",2010,6.8,4.9,-4.4,28.3
71,"yes","no","yr2010",2010,8.5,7.7,-4.4,28.3
72,"no","no","yr2010",2010,18.6,4.9,-4.4,28.3
73,"no","no","yr2010",2010,13.5,11.2,-4.4,28.3
74,"no","no","yr2010",2010,6.1,0.5,-4.4,28.3
75,"yes","yes","yr2010",2010,12,9.8,-4.4,28.3
76,"yes","yes","yr2010",2010,10.4,5.2,-4.4,28.3
77,"no","no","yr2010",2010,11.3,2.4,-4.4,28.3
78,"no","no","yr2010",2010,20.7,4.9,-4.4,28.3
79,"yes","no","yr2010",2010,12.2,18.2,-4.4,28.3
80,"no","no","yr2010",2010,20.3,2.1,-4.4,28.3
81,"no","no","yr2010",2010,16,6.6,-4.4,28.3
82,"no","no","yr2010",2010,18.3,5.3,-4.4,28.3
83,"yes","yes","yr2010",2010,15.6,2.9,-4.4,28.3
84,"yes","yes","yr2010",2010,3.4,8.9,-4.4,28.3
85,"no","no","yr2010",2010,18.5,0.7,-4.4,28.3
86,"yes","yes","yr2010",2010,6,2.3,-4.4,28.3
87,"no","no","yr2010",2010,12.3,2.9,-4.4,28.3
88,"yes","no","yr2010",2010,17.4,7.3,-4.4,28.3
89,"no","no","yr2010",2010,4.1,0,-4.4,28.3
90,"no","no","yr2010",2010,0.9,0,-4.4,28.3
91,"yes","yes","yr2010",2010,7.4,3.2,-4.4,28.3
92,"yes","no","yr2010",2010,15.2,7.1,-4.4,28.3
93,"yes","yes","yr2010",2010,8.8,6.4,-4.4,28.3
94,"yes","yes","yr2010",2010,3.3,2.6,-4.4,28.3
95,"yes","yes","yr2010",2010,19.4,7.4,-4.4,28.3
96,"no","no","yr2010",2010,13.6,11.2,-4.4,28.3
97,"yes","no","yr2010",2010,8.2,14,-4.4,28.3
98,"yes","yes","yr2010",2010,16.3,7.5,-4.4,28.3
99,"no","no","yr2010",2010,19.2,1.5,-4.4,28.3
100,"yes","yes","yr2010",2010,20.6,7.4,-4.4,28.3
1,"yes","no","yr2011",2011,11.7,5.3,-11.7,26.1
2,"no","no","yr2011",2011,13.8,9.3,-11.7,26.1
3,"no","no","yr2011",2011,11.4,21.3,-11.7,26.1
4,"yes","no","yr2011",2011,17.5,4.4,-11.7,26.1
5,"no","no","yr2011",2011,11.9,3.5,-11.7,26.1
6,"yes","no","yr2011",2011,24.7,3.9,-11.7,26.1
7,"no","no","yr2011",2011,15.2,4.7,-11.7,26.1
8,"yes","yes","yr2011",2011,11.5,4.9,-11.7,26.1
9,"no","no","yr2011",2011,19.8,3.2,-11.7,26.1
10,"yes","no","yr2011",2011,7.3,2.3,-11.7,26.1
11,"yes","no","yr2011",2011,1.6,5.1,-11.7,26.1
12,"yes","no","yr2011",2011,13,14.5,-11.7,26.1
13,"yes","yes","yr2011",2011,16.1,14.6,-11.7,26.1
14,"yes","yes","yr2011",2011,16,10.9,-11.7,26.1
15,"no","no","yr2011",2011,18.7,5.7,-11.7,26.1
16,"no","no","yr2011",2011,9.5,2.5,-11.7,26.1
17,"yes","no","yr2011",2011,12.6,5,-11.7,26.1
18,"no","no","yr2011",2011,14.1,3.2,-11.7,26.1
19,"yes","no","yr2011",2011,17,3.6,-11.7,26.1
20,"yes","no","yr2011",2011,13.9,1.2,-11.7,26.1
21,"yes","no","yr2011",2011,8.1,5.4,-11.7,26.1
22,"yes","no","yr2011",2011,1.2,0,-11.7,26.1
23,"no","no","yr2011",2011,8.3,5.2,-11.7,26.1
24,"no","no","yr2011",2011,15.3,2.8,-11.7,26.1
25,"no","no","yr2011",2011,16.9,9.7,-11.7,26.1
26,"yes","no","yr2011",2011,12.8,4.3,-11.7,26.1
27,"no","no","yr2011",2011,18.1,2,-11.7,26.1
28,"no","no","yr2011",2011,10.4,4.1,-11.7,26.1
29,"no","no","yr2011",2011,14.9,0.9,-11.7,26.1
30,"yes","no","yr2011",2011,10,1.3,-11.7,26.1
31,"no","no","yr2011",2011,16.2,15.6,-11.7,26.1
32,"no","no","yr2011",2011,8.1,1.5,-11.7,26.1
33,"no","no","yr2011",2011,12.2,12,-11.7,26.1
34,"no","no","yr2011",2011,17.5,5.5,-11.7,26.1
35,"yes","no","yr2011",2011,26.6,1.6,-11.7,26.1
36,"no","no","yr2011",2011,3.7,4.3,-11.7,26.1
37,"yes","no","yr2011",2011,16.1,0.1,-11.7,26.1
38,"yes","no","yr2011",2011,11.3,0.5,-11.7,26.1
39,"yes","yes","yr2011",2011,12.8,1.6,-11.7,26.1
40,"no","no","yr2011",2011,11.2,13.9,-11.7,26.1
41,"no","no","yr2011",2011,18.7,9.7,-11.7,26.1
42,"no","no","yr2011",2011,11.1,4.6,-11.7,26.1
43,"no","no","yr2011",2011,9,1.9,-11.7,26.1
44,"yes","no","yr2011",2011,13.2,8.7,-11.7,26.1
45,"yes","no","yr2011",2011,6.7,3.3,-11.7,26.1
46,"yes","yes","yr2011",2011,9.1,2.3,-11.7,26.1
47,"no","no","yr2011",2011,13.9,3.7,-11.7,26.1
48,"no","no","yr2011",2011,12.1,1.5,-11.7,26.1
49,"yes","no","yr2011",2011,18.1,18.1,-11.7,26.1
50,"yes","no","yr2011",2011,17.9,4.9,-11.7,26.1
51,"no","no","yr2011",2011,18.7,3.4,-11.7,26.1
52,"yes","no","yr2011",2011,13.7,4.2,-11.7,26.1
53,"no","no","yr2011",2011,17.1,3.4,-11.7,26.1
54,"no","no","yr2011",2011,16.5,7.1,-11.7,26.1
55,"yes","no","yr2011",2011,22,0.2,-11.7,26.1
56,"yes","no","yr2011",2011,18,2.8,-11.7,26.1
57,"no","no","yr2011",2011,11.4,4,-11.7,26.1
58,"yes","yes","yr2011",2011,15.6,4.9,-11.7,26.1
59,"no","no","yr2011",2011,20.7,1.4,-11.7,26.1
60,"yes","no","yr2011",2011,10.6,4.2,-11.7,26.1
61,"no","no","yr2011",2011,13.5,0.2,-11.7,26.1
62,"yes","yes","yr2011",2011,17.5,0.9,-11.7,26.1
63,"no","no","yr2011",2011,25.1,3.4,-11.7,26.1
64,"no","no","yr2011",2011,0.2,0,-11.7,26.1
65,"yes","no","yr2011",2011,16.9,2.7,-11.7,26.1
66,"no","no","yr2011",2011,12.3,6.6,-11.7,26.1
67,"no","no","yr2011",2011,0.1,0,-11.7,26.1
68,"yes","yes","yr2011",2011,15.9,6,-11.7,26.1
69,"yes","yes","yr2011",2011,17.3,15.7,-11.7,26.1
70,"no","no","yr2011",2011,7.7,6.6,-11.7,26.1
71,"yes","no","yr2011",2011,9.8,9,-11.7,26.1
72,"no","no","yr2011",2011,16,8.6,-11.7,26.1
73,"no","no","yr2011",2011,12.3,10.7,-11.7,26.1
74,"no","no","yr2011",2011,15,7.8,-11.7,26.1
75,"yes","yes","yr2011",2011,12.1,10.7,-11.7,26.1
76,"yes","yes","yr2011",2011,13.7,3.6,-11.7,26.1
77,"no","no","yr2011",2011,14.3,3.1,-11.7,26.1
78,"no","no","yr2011",2011,26.8,3.9,-11.7,26.1
79,"yes","no","yr2011",2011,8.4,10.7,-11.7,26.1
80,"no","no","yr2011",2011,23.2,2,-11.7,26.1
81,"no","no","yr2011",2011,14.8,6.5,-11.7,26.1
82,"no","no","yr2011",2011,17.8,5.9,-11.7,26.1
83,"yes","yes","yr2011",2011,22.8,1.8,-11.7,26.1
84,"yes","yes","yr2011",2011,5.8,9,-11.7,26.1
85,"no","no","yr2011",2011,15.5,3,-11.7,26.1
86,"yes","yes","yr2011",2011,2.9,2.6,-11.7,26.1
87,"no","no","yr2011",2011,11.3,2.9,-11.7,26.1
88,"yes","no","yr2011",2011,18.3,6.3,-11.7,26.1
89,"no","no","yr2011",2011,12.9,0.1,-11.7,26.1
90,"no","no","yr2011",2011,2.5,0.5,-11.7,26.1
91,"yes","yes","yr2011",2011,10.9,3,-11.7,26.1
92,"yes","no","yr2011",2011,19.5,5,-11.7,26.1
93,"yes","yes","yr2011",2011,9.5,6.5,-11.7,26.1
94,"yes","yes","yr2011",2011,4.7,2.7,-11.7,26.1
95,"yes","yes","yr2011",2011,16.1,5,-11.7,26.1
96,"no","no","yr2011",2011,13.1,11.3,-11.7,26.1
97,"yes","no","yr2011",2011,10.3,13.5,-11.7,26.1
98,"yes","yes","yr2011",2011,12.3,6.2,-11.7,26.1
99,"no","no","yr2011",2011,28.2,0.9,-11.7,26.1
100,"yes","yes","yr2011",2011,29.8,6.4,-11.7,26.1
1,"yes","no","yr2012",2012,11.25,4.1,-4.4,33.9
2,"no","no","yr2012",2012,11.2,4.75,-4.4,33.9
3,"no","no","yr2012",2012,10.9,21.3,-4.4,33.9
4,"yes","no","yr2012",2012,14,3.1,-4.4,33.9
5,"no","no","yr2012",2012,13.05,2.6,-4.4,33.9
6,"yes","no","yr2012",2012,27.45,3.2,-4.4,33.9
7,"no","no","yr2012",2012,17,5.9,-4.4,33.9
8,"yes","yes","yr2012",2012,9.55,4.35,-4.4,33.9
9,"no","no","yr2012",2012,18,1.75,-4.4,33.9
10,"yes","no","yr2012",2012,6.95,2.35,-4.4,33.9
11,"yes","no","yr2012",2012,1.65,5.15,-4.4,33.9
12,"yes","no","yr2012",2012,13.2,14.25,-4.4,33.9
13,"yes","yes","yr2012",2012,14.45,14.95,-4.4,33.9
14,"yes","yes","yr2012",2012,14.35,10.15,-4.4,33.9
15,"no","no","yr2012",2012,16.35,5.8,-4.4,33.9
16,"no","no","yr2012",2012,9.8,1.5,-4.4,33.9
17,"yes","no","yr2012",2012,11.55,5.2,-4.4,33.9
18,"no","no","yr2012",2012,12.8,3.9,-4.4,33.9
19,"yes","no","yr2012",2012,13.65,2.95,-4.4,33.9
20,"yes","no","yr2012",2012,13.55,1.05,-4.4,33.9
21,"yes","no","yr2012",2012,9.1,5.1,-4.4,33.9
22,"yes","no","yr2012",2012,2.7,0,-4.4,33.9
23,"no","no","yr2012",2012,9.65,4.6,-4.4,33.9
24,"no","no","yr2012",2012,12.4,1.95,-4.4,33.9
25,"no","no","yr2012",2012,16.2,9.3,-4.4,33.9
26,"yes","no","yr2012",2012,11.7,4.05,-4.4,33.9
27,"no","no","yr2012",2012,14.65,1.65,-4.4,33.9
28,"no","no","yr2012",2012,9.45,3.75,-4.4,33.9
29,"no","no","yr2012",2012,13.2,0.7,-4.4,33.9
30,"yes","no","yr2012",2012,10.65,1.4,-4.4,33.9
31,"no","no","yr2012",2012,11.9,9.65,-4.4,33.9
32,"no","no","yr2012",2012,5.5,1.1,-4.4,33.9
33,"no","no","yr2012",2012,11.45,11.9,-4.4,33.9
34,"no","no","yr2012",2012,16.05,4.5,-4.4,33.9
35,"yes","no","yr2012",2012,26.3,0.95,-4.4,33.9
36,"no","no","yr2012",2012,3.7,3.3,-4.4,33.9
37,"yes","no","yr2012",2012,14.8,1.25,-4.4,33.9
38,"yes","no","yr2012",2012,12.05,0.3,-4.4,33.9
39,"yes","yes","yr2012",2012,12.7,0.8,-4.4,33.9
40,"no","no","yr2012",2012,6.3,6.95,-4.4,33.9
41,"no","no","yr2012",2012,14.35,9,-4.4,33.9
42,"no","no","yr2012",2012,10.8,4,-4.4,33.9
43,"no","no","yr2012",2012,7.2,1.55,-4.4,33.9
44,"yes","no","yr2012",2012,11.45,8.6,-4.4,33.9
45,"yes","no","yr2012",2012,4.4,3,-4.4,33.9
46,"yes","yes","yr2012",2012,7.6,1.55,-4.4,33.9
47,"no","no","yr2012",2012,14.1,2.6,-4.4,33.9
48,"no","no","yr2012",2012,10.5,1.95,-4.4,33.9
49,"yes","no","yr2012",2012,12.2,9.1,-4.4,33.9
50,"yes","no","yr2012",2012,14.3,4.2,-4.4,33.9
51,"no","no","yr2012",2012,20.75,2.75,-4.4,33.9
52,"yes","no","yr2012",2012,11.1,2.95,-4.4,33.9
53,"no","no","yr2012",2012,14.05,2.55,-4.4,33.9
54,"no","no","yr2012",2012,14.4,6.9,-4.4,33.9
55,"yes","no","yr2012",2012,16.7,0.1,-4.4,33.9
56,"yes","no","yr2012",2012,14.4,2.7,-4.4,33.9
57,"no","no","yr2012",2012,9.4,3.15,-4.4,33.9
58,"yes","yes","yr2012",2012,11.4,3.6,-4.4,33.9
59,"no","no","yr2012",2012,16.45,1.1,-4.4,33.9
60,"yes","no","yr2012",2012,8.8,3.85,-4.4,33.9
61,"no","no","yr2012",2012,11.1,0.15,-4.4,33.9
62,"yes","yes","yr2012",2012,18.2,0.65,-4.4,33.9
63,"no","no","yr2012",2012,25.7,2.45,-4.4,33.9
64,"no","no","yr2012",2012,4.95,0,-4.4,33.9
65,"yes","no","yr2012",2012,15.3,1.45,-4.4,33.9
66,"no","no","yr2012",2012,11.8,6.15,-4.4,33.9
67,"no","no","yr2012",2012,3.2,0,-4.4,33.9
68,"yes","yes","yr2012",2012,13.4,5.6,-4.4,33.9
69,"yes","yes","yr2012",2012,15.15,7.85,-4.4,33.9
70,"no","no","yr2012",2012,8.6,6.75,-4.4,33.9
71,"yes","no","yr2012",2012,9.85,9.1,-4.4,33.9
72,"no","no","yr2012",2012,13.2,4.9,-4.4,33.9
73,"no","no","yr2012",2012,10.9,9.8,-4.4,33.9
74,"no","no","yr2012",2012,12.45,6.85,-4.4,33.9
75,"yes","yes","yr2012",2012,11.75,10.75,-4.4,33.9
76,"yes","yes","yr2012",2012,14.3,3.05,-4.4,33.9
77,"no","no","yr2012",2012,10.4,2.45,-4.4,33.9
78,"no","no","yr2012",2012,25.95,2.05,-4.4,33.9
79,"yes","no","yr2012",2012,9.8,11.65,-4.4,33.9
80,"no","no","yr2012",2012,18.4,4.1,-4.4,33.9
81,"no","no","yr2012",2012,11.7,5.45,-4.4,33.9
82,"no","no","yr2012",2012,17.9,5.85,-4.4,33.9
83,"yes","yes","yr2012",2012,15.1,1.2,-4.4,33.9
84,"yes","yes","yr2012",2012,4.7,9.85,-4.4,33.9
85,"no","no","yr2012",2012,13.5,2.5,-4.4,33.9
86,"yes","yes","yr2012",2012,2.4,2.7,-4.4,33.9
87,"no","no","yr2012",2012,10.45,2.4,-4.4,33.9
88,"yes","no","yr2012",2012,18.6,5.1,-4.4,33.9
89,"no","no","yr2012",2012,12.3,0.05,-4.4,33.9
90,"no","no","yr2012",2012,2.3,0.25,-4.4,33.9
91,"yes","yes","yr2012",2012,9.8,2.25,-4.4,33.9
92,"yes","no","yr2012",2012,16.5,3.4,-4.4,33.9
93,"yes","yes","yr2012",2012,8.6,6.1,-4.4,33.9
94,"yes","yes","yr2012",2012,3.7,2.65,-4.4,33.9
95,"yes","yes","yr2012",2012,14.6,4.15,-4.4,33.9
96,"no","no","yr2012",2012,13.6,11.15,-4.4,33.9
97,"yes","no","yr2012",2012,12.4,12.95,-4.4,33.9
98,"yes","yes","yr2012",2012,11.95,5.6,-4.4,33.9
99,"no","no","yr2012",2012,24.1,0.65,-4.4,33.9
100,"yes","yes","yr2012",2012,20.25,3.95,-4.4,33.9
1,"yes","no","yr2013",2013,10.8,2.9,-4.4,35
2,"no","no","yr2013",2013,8.6,0.2,-4.4,35
3,"no","no","yr2013",2013,10.4,21.3,-4.4,35
4,"yes","no","yr2013",2013,10.5,1.8,-4.4,35
5,"no","no","yr2013",2013,14.2,1.7,-4.4,35
6,"yes","no","yr2013",2013,30.2,2.5,-4.4,35
7,"no","no","yr2013",2013,18.8,7.1,-4.4,35
8,"yes","yes","yr2013",2013,7.6,3.8,-4.4,35
9,"no","no","yr2013",2013,16.2,0.3,-4.4,35
10,"yes","no","yr2013",2013,6.6,2.4,-4.4,35
11,"yes","no","yr2013",2013,1.7,5.2,-4.4,35
12,"yes","no","yr2013",2013,13.4,14,-4.4,35
13,"yes","yes","yr2013",2013,12.8,15.3,-4.4,35
14,"yes","yes","yr2013",2013,12.7,9.4,-4.4,35
15,"no","no","yr2013",2013,14,5.9,-4.4,35
16,"no","no","yr2013",2013,10.1,0.5,-4.4,35
17,"yes","no","yr2013",2013,10.5,5.4,-4.4,35
18,"no","no","yr2013",2013,11.5,4.6,-4.4,35
19,"yes","no","yr2013",2013,10.3,2.3,-4.4,35
20,"yes","no","yr2013",2013,13.2,0.9,-4.4,35
21,"yes","no","yr2013",2013,10.1,4.8,-4.4,35
22,"yes","no","yr2013",2013,4.2,0,-4.4,35
23,"no","no","yr2013",2013,11,4,-4.4,35
24,"no","no","yr2013",2013,9.5,1.1,-4.4,35
25,"no","no","yr2013",2013,15.5,8.9,-4.4,35
26,"yes","no","yr2013",2013,10.6,3.8,-4.4,35
27,"no","no","yr2013",2013,11.2,1.3,-4.4,35
28,"no","no","yr2013",2013,8.5,3.4,-4.4,35
29,"no","no","yr2013",2013,11.5,0.5,-4.4,35
30,"yes","no","yr2013",2013,11.3,1.5,-4.4,35
31,"no","no","yr2013",2013,7.6,3.7,-4.4,35
32,"no","no","yr2013",2013,2.9,0.7,-4.4,35
33,"no","no","yr2013",2013,10.7,11.8,-4.4,35
34,"no","no","yr2013",2013,14.6,3.5,-4.4,35
35,"yes","no","yr2013",2013,26,0.3,-4.4,35
36,"no","no","yr2013",2013,3.7,2.3,-4.4,35
37,"yes","no","yr2013",2013,13.5,2.4,-4.4,35
38,"yes","no","yr2013",2013,12.8,0.1,-4.4,35
39,"yes","yes","yr2013",2013,12.6,0,-4.4,35
40,"no","no","yr2013",2013,1.4,0,-4.4,35
41,"no","no","yr2013",2013,10,8.3,-4.4,35
42,"no","no","yr2013",2013,10.5,3.4,-4.4,35
43,"no","no","yr2013",2013,5.4,1.2,-4.4,35
44,"yes","no","yr2013",2013,9.7,8.5,-4.4,35
45,"yes","no","yr2013",2013,2.1,2.7,-4.4,35
46,"yes","yes","yr2013",2013,6.1,0.8,-4.4,35
47,"no","no","yr2013",2013,14.3,1.5,-4.4,35
48,"no","no","yr2013",2013,8.9,2.4,-4.4,35
49,"yes","no","yr2013",2013,6.3,0.1,-4.4,35
50,"yes","no","yr2013",2013,10.7,3.5,-4.4,35
51,"no","no","yr2013",2013,22.8,2.1,-4.4,35
52,"yes","no","yr2013",2013,8.5,1.7,-4.4,35
53,"no","no","yr2013",2013,11,1.7,-4.4,35
54,"no","no","yr2013",2013,12.3,6.7,-4.4,35
55,"yes","no","yr2013",2013,11.4,0,-4.4,35
56,"yes","no","yr2013",2013,10.8,2.6,-4.4,35
57,"no","no","yr2013",2013,7.4,2.3,-4.4,35
58,"yes","yes","yr2013",2013,7.2,2.3,-4.4,35
59,"no","no","yr2013",2013,12.2,0.8,-4.4,35
60,"yes","no","yr2013",2013,7,3.5,-4.4,35
61,"no","no","yr2013",2013,8.7,0.1,-4.4,35
62,"yes","yes","yr2013",2013,18.9,0.4,-4.4,35
63,"no","no","yr2013",2013,26.3,1.5,-4.4,35
64,"no","no","yr2013",2013,9.7,0,-4.4,35
65,"yes","no","yr2013",2013,13.7,0.2,-4.4,35
66,"no","no","yr2013",2013,11.3,5.7,-4.4,35
67,"no","no","yr2013",2013,6.3,0,-4.4,35
68,"yes","yes","yr2013",2013,10.9,5.2,-4.4,35
69,"yes","yes","yr2013",2013,13,0,-4.4,35
70,"no","no","yr2013",2013,9.5,6.9,-4.4,35
71,"yes","no","yr2013",2013,9.9,9.2,-4.4,35
72,"no","no","yr2013",2013,10.4,1.2,-4.4,35
73,"no","no","yr2013",2013,9.5,8.9,-4.4,35
74,"no","no","yr2013",2013,9.9,5.9,-4.4,35
75,"yes","yes","yr2013",2013,11.4,10.8,-4.4,35
76,"yes","yes","yr2013",2013,14.9,2.5,-4.4,35
77,"no","no","yr2013",2013,6.5,1.8,-4.4,35
78,"no","no","yr2013",2013,25.1,0.2,-4.4,35
79,"yes","no","yr2013",2013,11.2,12.6,-4.4,35
80,"no","no","yr2013",2013,13.6,6.2,-4.4,35
81,"no","no","yr2013",2013,8.6,4.4,-4.4,35
82,"no","no","yr2013",2013,18,5.8,-4.4,35
83,"yes","yes","yr2013",2013,7.4,0.6,-4.4,35
84,"yes","yes","yr2013",2013,3.6,10.7,-4.4,35
85,"no","no","yr2013",2013,11.5,2,-4.4,35
86,"yes","yes","yr2013",2013,1.9,2.8,-4.4,35
87,"no","no","yr2013",2013,9.6,1.9,-4.4,35
88,"yes","no","yr2013",2013,18.9,3.9,-4.4,35
89,"no","no","yr2013",2013,11.7,0,-4.4,35
90,"no","no","yr2013",2013,2.1,0,-4.4,35
91,"yes","yes","yr2013",2013,8.7,1.5,-4.4,35
92,"yes","no","yr2013",2013,13.5,1.8,-4.4,35
93,"yes","yes","yr2013",2013,7.7,5.7,-4.4,35
94,"yes","yes","yr2013",2013,2.7,2.6,-4.4,35
95,"yes","yes","yr2013",2013,13.1,3.3,-4.4,35
96,"no","no","yr2013",2013,14.1,11,-4.4,35
97,"yes","no","yr2013",2013,14.5,12.4,-4.4,35
98,"yes","yes","yr2013",2013,11.6,5,-4.4,35
99,"no","no","yr2013",2013,20,0.4,-4.4,35
100,"yes","yes","yr2013",2013,10.7,1.5,-4.4,35
1,"yes","no","yr2014",2014,4.5,1.8,-6.7,35
2,"no","no","yr2014",2014,23.6,1.2,-6.7,35
3,"no","no","yr2014",2014,11.5,21.5,-6.7,35
4,"yes","no","yr2014",2014,11.7,1.1,-6.7,35
5,"no","no","yr2014",2014,10.9,1.3,-6.7,35
6,"yes","no","yr2014",2014,31.3,2.4,-6.7,35
7,"no","no","yr2014",2014,20.3,7.1,-6.7,35
8,"yes","yes","yr2014",2014,9.4,3.6,-6.7,35
9,"no","no","yr2014",2014,19.8,0,-6.7,35
10,"yes","no","yr2014",2014,6.5,2.4,-6.7,35
11,"yes","no","yr2014",2014,2.3,5.2,-6.7,35
12,"yes","no","yr2014",2014,12.7,14,-6.7,35
13,"yes","yes","yr2014",2014,11.7,15.3,-6.7,35
14,"yes","yes","yr2014",2014,8.1,8.8,-6.7,35
15,"no","no","yr2014",2014,18.9,5.7,-6.7,35
16,"no","no","yr2014",2014,9.8,0.4,-6.7,35
17,"yes","no","yr2014",2014,12.9,5.2,-6.7,35
18,"no","no","yr2014",2014,10.3,4.6,-6.7,35
19,"yes","no","yr2014",2014,10.2,1.7,-6.7,35
20,"yes","no","yr2014",2014,10.9,0.9,-6.7,35
21,"yes","no","yr2014",2014,10.6,4.8,-6.7,35
22,"yes","no","yr2014",2014,5.2,0,-6.7,35
23,"no","no","yr2014",2014,11.5,4.3,-6.7,35
24,"no","no","yr2014",2014,18.1,1,-6.7,35
25,"no","no","yr2014",2014,18,8.6,-6.7,35
26,"yes","no","yr2014",2014,10,3.8,-6.7,35
27,"no","no","yr2014",2014,17.9,0.9,-6.7,35
28,"no","no","yr2014",2014,9.2,3.5,-6.7,35
29,"no","no","yr2014",2014,13.1,0.4,-6.7,35
30,"yes","no","yr2014",2014,7,1.5,-6.7,35
31,"no","no","yr2014",2014,15.5,4.9,-6.7,35
32,"no","no","yr2014",2014,4,0.7,-6.7,35
33,"no","no","yr2014",2014,11.2,11.7,-6.7,35
34,"no","no","yr2014",2014,23.9,3.3,-6.7,35
35,"yes","no","yr2014",2014,27.6,0.2,-6.7,35
36,"no","no","yr2014",2014,6.3,2.3,-6.7,35
37,"yes","no","yr2014",2014,2.4,2.4,-6.7,35
38,"yes","no","yr2014",2014,12.6,0.1,-6.7,35
39,"yes","yes","yr2014",2014,14.2,0,-6.7,35
40,"no","no","yr2014",2014,20,0,-6.7,35
41,"no","no","yr2014",2014,17.9,8.3,-6.7,35
42,"no","no","yr2014",2014,8.3,3.1,-6.7,35
43,"no","no","yr2014",2014,4.6,1,-6.7,35
44,"yes","no","yr2014",2014,9.9,8.5,-6.7,35
45,"yes","no","yr2014",2014,2.5,2.7,-6.7,35
46,"yes","yes","yr2014",2014,6.1,0.8,-6.7,35
47,"no","no","yr2014",2014,10,1,-6.7,35
48,"no","no","yr2014",2014,3,2.2,-6.7,35
49,"yes","no","yr2014",2014,26.8,0.8,-6.7,35
50,"yes","no","yr2014",2014,12.3,3.5,-6.7,35
51,"no","no","yr2014",2014,22.5,2,-6.7,35
52,"yes","no","yr2014",2014,6.7,1.2,-6.7,35
53,"no","no","yr2014",2014,8.6,1.6,-6.7,35
54,"no","no","yr2014",2014,12.9,6.5,-6.7,35
55,"yes","no","yr2014",2014,21.7,0.1,-6.7,35
56,"yes","no","yr2014",2014,26.5,2.5,-6.7,35
57,"no","no","yr2014",2014,8.7,2,-6.7,35
58,"yes","yes","yr2014",2014,18.3,1.7,-6.7,35
59,"no","no","yr2014",2014,17.4,0.7,-6.7,35
60,"yes","no","yr2014",2014,8.8,3.6,-6.7,35
61,"no","no","yr2014",2014,7.1,0.1,-6.7,35
62,"yes","yes","yr2014",2014,18.7,0.4,-6.7,35
63,"no","no","yr2014",2014,25.3,1.4,-6.7,35
64,"no","no","yr2014",2014,5.8,0.1,-6.7,35
65,"yes","no","yr2014",2014,16.7,0.1,-6.7,35
66,"no","no","yr2014",2014,9.1,5.4,-6.7,35
67,"no","no","yr2014",2014,8.5,0,-6.7,35
68,"yes","yes","yr2014",2014,15.4,4.4,-6.7,35
69,"yes","yes","yr2014",2014,6.8,0.5,-6.7,35
70,"no","no","yr2014",2014,6.5,6.8,-6.7,35
71,"yes","no","yr2014",2014,10.3,9.2,-6.7,35
72,"no","no","yr2014",2014,11.2,0.9,-6.7,35
73,"no","no","yr2014",2014,5.9,8.4,-6.7,35
74,"no","no","yr2014",2014,10.7,4.9,-6.7,35
75,"yes","yes","yr2014",2014,11.4,10.8,-6.7,35
76,"yes","yes","yr2014",2014,15.1,2.5,-6.7,35
77,"no","no","yr2014",2014,8.9,1.4,-6.7,35
78,"no","no","yr2014",2014,34.1,0.2,-6.7,35
79,"yes","no","yr2014",2014,12.4,13.1,-6.7,35
80,"no","no","yr2014",2014,5.5,6.2,-6.7,35
81,"no","no","yr2014",2014,9.4,3.7,-6.7,35
82,"no","no","yr2014",2014,18.3,5.8,-6.7,35
83,"yes","yes","yr2014",2014,27.4,0.6,-6.7,35
84,"yes","yes","yr2014",2014,3.5,10.6,-6.7,35
85,"no","no","yr2014",2014,14.9,1.7,-6.7,35
86,"yes","yes","yr2014",2014,4.3,2.8,-6.7,35
87,"no","no","yr2014",2014,9,1.9,-6.7,35
88,"yes","no","yr2014",2014,27.2,3.5,-6.7,35
89,"no","no","yr2014",2014,19.8,1.8,-6.7,35
90,"no","no","yr2014",2014,6.3,0,-6.7,35
91,"yes","yes","yr2014",2014,7.9,1.3,-6.7,35
92,"yes","no","yr2014",2014,17.7,1.2,-6.7,35
93,"yes","yes","yr2014",2014,8,5.6,-6.7,35
94,"yes","yes","yr2014",2014,2.3,2.6,-6.7,35
95,"yes","yes","yr2014",2014,7.9,3.3,-6.7,35
96,"no","no","yr2014",2014,14.2,11,-6.7,35
97,"yes","no","yr2014",2014,14.1,12.4,-6.7,35
98,"yes","yes","yr2014",2014,8.5,4.8,-6.7,35
99,"no","no","yr2014",2014,25.2,0.4,-6.7,35
100,"yes","yes","yr2014",2014,15.6,3.1,-6.7,35
1,"yes","no","yr2015",2015,13.9,2,-6.7,31.1
2,"no","no","yr2015",2015,12.2,0.9,-6.7,31.1
3,"no","no","yr2015",2015,11.8,20.6,-6.7,31.1
4,"yes","no","yr2015",2015,16.8,0.6,-6.7,31.1
5,"no","no","yr2015",2015,12,1.1,-6.7,31.1
6,"yes","no","yr2015",2015,29,2.4,-6.7,31.1
7,"no","no","yr2015",2015,8.9,0,-6.7,31.1
8,"yes","yes","yr2015",2015,8.3,2.8,-6.7,31.1
9,"no","no","yr2015",2015,15.4,0.3,-6.7,31.1
10,"yes","no","yr2015",2015,10.1,2.2,-6.7,31.1
11,"yes","no","yr2015",2015,3.7,5,-6.7,31.1
12,"yes","no","yr2015",2015,13.3,13.3,-6.7,31.1
13,"yes","yes","yr2015",2015,10.7,0,-6.7,31.1
14,"yes","yes","yr2015",2015,11.2,8.3,-6.7,31.1
15,"no","no","yr2015",2015,16.3,5.7,-6.7,31.1
16,"no","no","yr2015",2015,5.4,0.3,-6.7,31.1
17,"yes","no","yr2015",2015,14.8,4.7,-6.7,31.1
18,"no","no","yr2015",2015,9.3,4.4,-6.7,31.1
19,"yes","no","yr2015",2015,11.1,1.1,-6.7,31.1
20,"yes","no","yr2015",2015,6.4,0.9,-6.7,31.1
21,"yes","no","yr2015",2015,8.7,4.5,-6.7,31.1
22,"yes","no","yr2015",2015,4.5,0,-6.7,31.1
23,"no","no","yr2015",2015,10.6,4,-6.7,31.1
24,"no","no","yr2015",2015,16.7,0.8,-6.7,31.1
25,"no","no","yr2015",2015,14,7.9,-6.7,31.1
26,"yes","no","yr2015",2015,12.9,3.5,-6.7,31.1
27,"no","no","yr2015",2015,17.9,0.9,-6.7,31.1
28,"no","no","yr2015",2015,10.2,3.4,-6.7,31.1
29,"no","no","yr2015",2015,9.2,0.5,-6.7,31.1
30,"yes","no","yr2015",2015,6.5,1.4,-6.7,31.1
31,"no","no","yr2015",2015,13.6,4.4,-6.7,31.1
32,"no","no","yr2015",2015,6.7,0.6,-6.7,31.1
33,"no","no","yr2015",2015,11.8,11.7,-6.7,31.1
34,"no","no","yr2015",2015,13.7,3.3,-6.7,31.1
35,"yes","no","yr2015",2015,26.9,0.2,-6.7,31.1
36,"no","no","yr2015",2015,1.2,1.9,-6.7,31.1
37,"yes","no","yr2015",2015,12.9,2.4,-6.7,31.1
38,"yes","no","yr2015",2015,10,0.1,-6.7,31.1
39,"yes","yes","yr2015",2015,10.8,0,-6.7,31.1
40,"no","no","yr2015",2015,6.9,0,-6.7,31.1
41,"no","no","yr2015",2015,16.1,7.3,-6.7,31.1
42,"no","no","yr2015",2015,9.1,3.4,-6.7,31.1
43,"no","no","yr2015",2015,5,0.9,-6.7,31.1
44,"yes","no","yr2015",2015,12.3,8.5,-6.7,31.1
45,"yes","no","yr2015",2015,6.7,2.9,-6.7,31.1
46,"yes","yes","yr2015",2015,6.6,0.8,-6.7,31.1
47,"no","no","yr2015",2015,11.1,0.8,-6.7,31.1
48,"no","no","yr2015",2015,10.6,2.2,-6.7,31.1
49,"yes","no","yr2015",2015,11,0.6,-6.7,31.1
50,"yes","no","yr2015",2015,18.6,3.6,-6.7,31.1
51,"no","no","yr2015",2015,21.7,2.1,-6.7,31.1
52,"yes","no","yr2015",2015,8.7,0.9,-6.7,31.1
53,"no","no","yr2015",2015,12.3,1.4,-6.7,31.1
54,"no","no","yr2015",2015,11.7,6.3,-6.7,31.1
55,"yes","no","yr2015",2015,13.8,0,-6.7,31.1
56,"yes","no","yr2015",2015,16.6,1.9,-6.7,31.1
57,"no","no","yr2015",2015,7.1,1.5,-6.7,31.1
58,"yes","yes","yr2015",2015,16.6,1.2,-6.7,31.1
59,"no","no","yr2015",2015,18.9,0.6,-6.7,31.1
60,"yes","no","yr2015",2015,6.3,3.6,-6.7,31.1
61,"no","no","yr2015",2015,8.7,0,-6.7,31.1
62,"yes","yes","yr2015",2015,19.8,0.4,-6.7,31.1
63,"no","no","yr2015",2015,24.4,1.4,-6.7,31.1
64,"no","no","yr2015",2015,8.5,0.1,-6.7,31.1
65,"yes","no","yr2015",2015,15.2,0.2,-6.7,31.1
66,"no","no","yr2015",2015,10.5,5.5,-6.7,31.1
67,"no","no","yr2015",2015,5.6,0,-6.7,31.1
68,"yes","yes","yr2015",2015,16.2,3.5,-6.7,31.1
69,"yes","yes","yr2015",2015,12.7,3.6,-6.7,31.1
70,"no","no","yr2015",2015,6,6.6,-6.7,31.1
71,"yes","no","yr2015",2015,9.1,8.3,-6.7,31.1
72,"no","no","yr2015",2015,9.3,2.2,-6.7,31.1
73,"no","no","yr2015",2015,7.2,8.2,-6.7,31.1
74,"no","no","yr2015",2015,10.9,4.9,-6.7,31.1
75,"yes","yes","yr2015",2015,14.4,9.6,-6.7,31.1
76,"yes","yes","yr2015",2015,15.2,2.5,-6.7,31.1
77,"no","no","yr2015",2015,12.8,2.5,-6.7,31.1
78,"no","no","yr2015",2015,33.1,0.1,-6.7,31.1
79,"yes","no","yr2015",2015,15.2,12.3,-6.7,31.1
80,"no","no","yr2015",2015,17.5,6,-6.7,31.1
81,"no","no","yr2015",2015,8.3,3.7,-6.7,31.1
82,"no","no","yr2015",2015,16.3,5.6,-6.7,31.1
83,"yes","yes","yr2015",2015,16.1,0.6,-6.7,31.1
84,"yes","yes","yr2015",2015,5.6,10,-6.7,31.1
85,"no","no","yr2015",2015,12.7,1.5,-6.7,31.1
86,"yes","yes","yr2015",2015,4.3,2.6,-6.7,31.1
87,"no","no","yr2015",2015,12.2,1.7,-6.7,31.1
88,"yes","no","yr2015",2015,25.8,3.7,-6.7,31.1
89,"no","no","yr2015",2015,15.8,1.8,-6.7,31.1
90,"no","no","yr2015",2015,2.9,0,-6.7,31.1
91,"yes","yes","yr2015",2015,15.1,1.7,-6.7,31.1
92,"yes","no","yr2015",2015,18.5,1.5,-6.7,31.1
93,"yes","yes","yr2015",2015,10.6,5.2,-6.7,31.1
94,"yes","yes","yr2015",2015,6.1,2.7,-6.7,31.1
95,"yes","yes","yr2015",2015,9.6,3.3,-6.7,31.1
96,"no","no","yr2015",2015,12.7,10.6,-6.7,31.1
97,"yes","no","yr2015",2015,14.7,12,-6.7,31.1
98,"yes","yes","yr2015",2015,10.7,5,-6.7,31.1
99,"no","no","yr2015",2015,22.4,0.3,-6.7,31.1
100,"yes","yes","yr2015",2015,12.6,2.3,-6.7,31.1
1,"yes","no","yr2016",2016,15.3,1.1,-5,32.2
2,"no","no","yr2016",2016,11.4,0.9,-5,32.2
3,"no","no","yr2016",2016,11.6,21.5,-5,32.2
4,"yes","no","yr2016",2016,17.2,0.2,-5,32.2
5,"no","no","yr2016",2016,11,0.8,-5,32.2
6,"yes","no","yr2016",2016,27.8,2.1,-5,32.2
7,"no","no","yr2016",2016,11,0,-5,32.2
8,"yes","yes","yr2016",2016,8.4,2.8,-5,32.2
9,"no","no","yr2016",2016,22.9,0,-5,32.2
10,"yes","no","yr2016",2016,13.2,2.6,-5,32.2
11,"yes","no","yr2016",2016,5.6,4.9,-5,32.2
12,"yes","no","yr2016",2016,13.7,13.4,-5,32.2
13,"yes","yes","yr2016",2016,10.8,1.1,-5,32.2
14,"yes","yes","yr2016",2016,8.2,7.7,-5,32.2
15,"no","no","yr2016",2016,16.7,4.8,-5,32.2
16,"no","no","yr2016",2016,6.2,0.3,-5,32.2
17,"yes","no","yr2016",2016,17.2,3.9,-5,32.2
18,"no","no","yr2016",2016,12.7,4.5,-5,32.2
19,"yes","no","yr2016",2016,12.6,0.9,-5,32.2
20,"yes","no","yr2016",2016,3,0.5,-5,32.2
21,"yes","no","yr2016",2016,11.8,4.5,-5,32.2
22,"yes","no","yr2016",2016,0.2,0,-5,32.2
23,"no","no","yr2016",2016,15.2,4.2,-5,32.2
24,"no","no","yr2016",2016,18.3,0.6,-5,32.2
25,"no","no","yr2016",2016,17.7,8.4,-5,32.2
26,"yes","no","yr2016",2016,17.3,3.1,-5,32.2
27,"no","no","yr2016",2016,21.7,0.2,-5,32.2
28,"no","no","yr2016",2016,11.3,3.5,-5,32.2
29,"no","no","yr2016",2016,7,0.1,-5,32.2
30,"yes","no","yr2016",2016,4,1.1,-5,32.2
31,"no","no","yr2016",2016,14.3,6.8,-5,32.2
32,"no","no","yr2016",2016,8.3,0.8,-5,32.2
33,"no","no","yr2016",2016,13.2,12.3,-5,32.2
34,"no","no","yr2016",2016,22,3.9,-5,32.2
35,"yes","no","yr2016",2016,17,0.1,-5,32.2
36,"no","no","yr2016",2016,0.3,1.4,-5,32.2
37,"yes","no","yr2016",2016,4.5,1.9,-5,32.2
38,"yes","no","yr2016",2016,4.3,0.1,-5,32.2
39,"yes","yes","yr2016",2016,7.8,0,-5,32.2
40,"no","no","yr2016",2016,3.7,0,-5,32.2
41,"no","no","yr2016",2016,17.9,7.1,-5,32.2
42,"no","no","yr2016",2016,9.5,3.1,-5,32.2
43,"no","no","yr2016",2016,6.1,0.7,-5,32.2
44,"yes","no","yr2016",2016,13.6,9.3,-5,32.2
45,"yes","no","yr2016",2016,8.9,3.1,-5,32.2
46,"yes","yes","yr2016",2016,8.2,0.8,-5,32.2
47,"no","no","yr2016",2016,15,1.3,-5,32.2
48,"no","no","yr2016",2016,4.2,1.7,-5,32.2
49,"yes","no","yr2016",2016,10.7,3.8,-5,32.2
50,"yes","no","yr2016",2016,18.9,2.1,-5,32.2
51,"no","no","yr2016",2016,21.4,3,-5,32.2
52,"yes","no","yr2016",2016,2.3,0.4,-5,32.2
53,"no","no","yr2016",2016,16.2,2.1,-5,32.2
54,"no","no","yr2016",2016,13.8,5.8,-5,32.2
55,"yes","no","yr2016",2016,13.7,0,-5,32.2
56,"yes","no","yr2016",2016,16.6,0.5,-5,32.2
57,"no","no","yr2016",2016,7.4,1.5,-5,32.2
58,"yes","yes","yr2016",2016,19.5,0.7,-5,32.2
59,"no","no","yr2016",2016,20.5,0.9,-5,32.2
60,"yes","no","yr2016",2016,7.6,3.2,-5,32.2
61,"no","no","yr2016",2016,10.4,0.1,-5,32.2
62,"yes","yes","yr2016",2016,20,0.6,-5,32.2
63,"no","no","yr2016",2016,22.6,1.3,-5,32.2
64,"no","no","yr2016",2016,6.3,0,-5,32.2
65,"yes","no","yr2016",2016,22.5,0,-5,32.2
66,"no","no","yr2016",2016,12.6,6.4,-5,32.2
67,"no","no","yr2016",2016,2.5,0,-5,32.2
68,"yes","yes","yr2016",2016,17.2,3,-5,32.2
69,"yes","yes","yr2016",2016,16,3,-5,32.2
70,"no","no","yr2016",2016,9.7,6,-5,32.2
71,"yes","no","yr2016",2016,8.8,8,-5,32.2
72,"no","no","yr2016",2016,14.5,2.6,-5,32.2
73,"no","no","yr2016",2016,12.9,8.6,-5,32.2
74,"no","no","yr2016",2016,10.8,4.7,-5,32.2
75,"yes","yes","yr2016",2016,15.4,9,-5,32.2
76,"yes","yes","yr2016",2016,15.7,2.4,-5,32.2
77,"no","no","yr2016",2016,8.1,2.1,-5,32.2
78,"no","no","yr2016",2016,29.7,0.1,-5,32.2
79,"yes","no","yr2016",2016,14.3,12.6,-5,32.2
80,"no","no","yr2016",2016,10.5,4.9,-5,32.2
81,"no","no","yr2016",2016,12.5,3.8,-5,32.2
82,"no","no","yr2016",2016,16.8,4.6,-5,32.2
83,"yes","yes","yr2016",2016,25.4,0.5,-5,32.2
84,"yes","yes","yr2016",2016,5.6,9.9,-5,32.2
85,"no","no","yr2016",2016,11,0.6,-5,32.2
86,"yes","yes","yr2016",2016,5.9,2.5,-5,32.2
87,"no","no","yr2016",2016,14.7,1.6,-5,32.2
88,"yes","no","yr2016",2016,17.3,5.4,-5,32.2
89,"no","no","yr2016",2016,17.8,1.1,-5,32.2
90,"no","no","yr2016",2016,3.9,0,-5,32.2
91,"yes","yes","yr2016",2016,15.6,3.7,-5,32.2
92,"yes","no","yr2016",2016,18,3.8,-5,32.2
93,"yes","yes","yr2016",2016,12.7,4.7,-5,32.2
94,"yes","yes","yr2016",2016,9.7,3.4,-5,32.2
95,"yes","yes","yr2016",2016,20,1.8,-5,32.2
96,"no","no","yr2016",2016,14.1,10.9,-5,32.2
97,"yes","no","yr2016",2016,14.7,12.2,-5,32.2
98,"yes","yes","yr2016",2016,12.8,5.1,-5,32.2
99,"no","no","yr2016",2016,17.8,0.1,-5,32.2
100,"yes","yes","yr2016",2016,7.8,1.7,-5,32.2
1,"yes","no","yr2017",2017,12.8,2.9,-7.2,34.4
2,"no","no","yr2017",2017,14.5,3,-7.2,34.4
3,"no","no","yr2017",2017,11.5,21,-7.2,34.4
4,"yes","no","yr2017",2017,18,0.3,-7.2,34.4
5,"no","no","yr2017",2017,16,0.8,-7.2,34.4
6,"yes","no","yr2017",2017,27.7,2.5,-7.2,34.4
7,"no","no","yr2017",2017,19.3,0,-7.2,34.4
8,"yes","yes","yr2017",2017,10.8,1.9,-7.2,34.4
9,"no","no","yr2017",2017,23.2,0,-7.2,34.4
10,"yes","no","yr2017",2017,11.7,1.9,-7.2,34.4
11,"yes","no","yr2017",2017,8.7,4.5,-7.2,34.4
12,"yes","no","yr2017",2017,13.6,13.8,-7.2,34.4
13,"yes","yes","yr2017",2017,19,2.2,-7.2,34.4
14,"yes","yes","yr2017",2017,11.8,8.6,-7.2,34.4
15,"no","no","yr2017",2017,19.7,4.5,-7.2,34.4
16,"no","no","yr2017",2017,4.4,0.7,-7.2,34.4
17,"yes","no","yr2017",2017,17.6,3.5,-7.2,34.4
18,"no","no","yr2017",2017,12.5,4.4,-7.2,34.4
19,"yes","no","yr2017",2017,13.2,1.1,-7.2,34.4
20,"yes","no","yr2017",2017,8.8,0.3,-7.2,34.4
21,"yes","no","yr2017",2017,10.6,4.2,-7.2,34.4
22,"yes","no","yr2017",2017,18.5,0,-7.2,34.4
23,"no","no","yr2017",2017,13.8,3.6,-7.2,34.4
24,"no","no","yr2017",2017,19.6,0.8,-7.2,34.4
25,"no","no","yr2017",2017,17.6,8.3,-7.2,34.4
26,"yes","no","yr2017",2017,16.1,1.6,-7.2,34.4
27,"no","no","yr2017",2017,19.8,0.3,-7.2,34.4
28,"no","no","yr2017",2017,10.9,2.8,-7.2,34.4
29,"no","no","yr2017",2017,14.1,0.1,-7.2,34.4
30,"yes","no","yr2017",2017,7.6,1.4,-7.2,34.4
31,"no","no","yr2017",2017,15.2,6.5,-7.2,34.4
32,"no","no","yr2017",2017,9.5,0.9,-7.2,34.4
33,"no","no","yr2017",2017,12.7,13.1,-7.2,34.4
34,"no","no","yr2017",2017,22.7,6.2,-7.2,34.4
35,"yes","no","yr2017",2017,21.2,0,-7.2,34.4
36,"no","no","yr2017",2017,7.7,1.6,-7.2,34.4
37,"yes","no","yr2017",2017,12.8,1.5,-7.2,34.4
38,"yes","no","yr2017",2017,3.3,0,-7.2,34.4
39,"yes","yes","yr2017",2017,11.2,0,-7.2,34.4
40,"no","no","yr2017",2017,7.8,2.7,-7.2,34.4
41,"no","no","yr2017",2017,17.9,7.7,-7.2,34.4
42,"no","no","yr2017",2017,1.3,0,-7.2,34.4
43,"no","no","yr2017",2017,9.1,0.5,-7.2,34.4
44,"yes","no","yr2017",2017,12.6,9.1,-7.2,34.4
45,"yes","no","yr2017",2017,7.6,2.8,-7.2,34.4
46,"yes","yes","yr2017",2017,7.6,0.7,-7.2,34.4
47,"no","no","yr2017",2017,3.4,0,-7.2,34.4
48,"no","no","yr2017",2017,6.7,1.8,-7.2,34.4
49,"yes","no","yr2017",2017,16.4,11.5,-7.2,34.4
50,"yes","no","yr2017",2017,23.8,0.2,-7.2,34.4
51,"no","no","yr2017",2017,15.9,4.3,-7.2,34.4
52,"yes","no","yr2017",2017,7.2,0.6,-7.2,34.4
53,"no","no","yr2017",2017,23.4,4.8,-7.2,34.4
54,"no","no","yr2017",2017,14.5,5.5,-7.2,34.4
55,"yes","no","yr2017",2017,19.2,0,-7.2,34.4
56,"yes","no","yr2017",2017,19.2,0.5,-7.2,34.4
57,"no","no","yr2017",2017,7.5,1.6,-7.2,34.4
58,"yes","yes","yr2017",2017,20.6,3,-7.2,34.4
59,"no","no","yr2017",2017,18.7,1.3,-7.2,34.4
60,"yes","no","yr2017",2017,10.2,3.1,-7.2,34.4
61,"no","no","yr2017",2017,11.1,0.4,-7.2,34.4
62,"yes","yes","yr2017",2017,17.2,1.9,-7.2,34.4
63,"no","no","yr2017",2017,22,1.3,-7.2,34.4
64,"no","no","yr2017",2017,3.1,0,-7.2,34.4
65,"yes","no","yr2017",2017,23.8,0.1,-7.2,34.4
66,"no","no","yr2017",2017,0.9,0,-7.2,34.4
67,"no","no","yr2017",2017,19.2,0,-7.2,34.4
68,"yes","yes","yr2017",2017,17.5,3,-7.2,34.4
69,"yes","yes","yr2017",2017,5.4,0,-7.2,34.4
70,"no","no","yr2017",2017,10.9,4.9,-7.2,34.4
71,"yes","no","yr2017",2017,12.3,5.4,-7.2,34.4
72,"no","no","yr2017",2017,19.4,4.1,-7.2,34.4
73,"no","no","yr2017",2017,2,0,-7.2,34.4
74,"no","no","yr2017",2017,2.3,0,-7.2,34.4
75,"yes","yes","yr2017",2017,14,8.1,-7.2,34.4
76,"yes","yes","yr2017",2017,14.7,2.6,-7.2,34.4
77,"no","no","yr2017",2017,14.1,0.7,-7.2,34.4
78,"no","no","yr2017",2017,28.1,1,-7.2,34.4
79,"yes","no","yr2017",2017,14.3,14.4,-7.2,34.4
80,"no","no","yr2017",2017,17.6,4.3,-7.2,34.4
81,"no","no","yr2017",2017,11.1,2.9,-7.2,34.4
82,"no","no","yr2017",2017,18.4,5.7,-7.2,34.4
83,"yes","yes","yr2017",2017,25.3,1.6,-7.2,34.4
84,"yes","yes","yr2017",2017,5.8,8.9,-7.2,34.4
85,"no","no","yr2017",2017,16,1.3,-7.2,34.4
86,"yes","yes","yr2017",2017,7.1,1.3,-7.2,34.4
87,"no","no","yr2017",2017,14.1,1,-7.2,34.4
88,"yes","no","yr2017",2017,20,6.5,-7.2,34.4
89,"no","no","yr2017",2017,21.6,1.9,-7.2,34.4
90,"no","no","yr2017",2017,7,0,-7.2,34.4
91,"yes","yes","yr2017",2017,17.5,2.4,-7.2,34.4
92,"yes","no","yr2017",2017,24.1,5.1,-7.2,34.4
93,"yes","yes","yr2017",2017,11.8,5.1,-7.2,34.4
94,"yes","yes","yr2017",2017,9.9,2.7,-7.2,34.4
95,"yes","yes","yr2017",2017,19.3,5.8,-7.2,34.4
96,"no","no","yr2017",2017,13.8,10.9,-7.2,34.4
97,"yes","no","yr2017",2017,14.1,12.2,-7.2,34.4
98,"yes","yes","yr2017",2017,1.2,0,-7.2,34.4
99,"no","no","yr2017",2017,24.3,0.3,-7.2,34.4
100,"yes","yes","yr2017",2017,18.1,1.8,-7.2,34.4
1,"yes","no","yr2018",2018,8.5,2.9,-11.7,31.7
2,"no","no","yr2018",2018,11.3,1.8,-11.7,31.7
3,"no","no","yr2018",2018,11.5,21.5,-11.7,31.7
4,"yes","no","yr2018",2018,20.7,0.8,-11.7,31.7
5,"no","no","yr2018",2018,14.5,0.2,-11.7,31.7
6,"yes","no","yr2018",2018,27.3,3.8,-11.7,31.7
7,"no","no","yr2018",2018,16.3,0.8,-11.7,31.7
8,"yes","yes","yr2018",2018,9.3,2.7,-11.7,31.7
9,"no","no","yr2018",2018,18,0.4,-11.7,31.7
10,"yes","no","yr2018",2018,13.4,5,-11.7,31.7
11,"yes","no","yr2018",2018,8,6.6,-11.7,31.7
12,"yes","no","yr2018",2018,13.2,13.9,-11.7,31.7
13,"yes","yes","yr2018",2018,12.3,7.9,-11.7,31.7
14,"yes","yes","yr2018",2018,10.4,12.8,-11.7,31.7
15,"no","no","yr2018",2018,18.4,4,-11.7,31.7
16,"no","no","yr2018",2018,9.8,0.6,-11.7,31.7
17,"yes","no","yr2018",2018,12.7,5.2,-11.7,31.7
18,"no","no","yr2018",2018,11.3,4.1,-11.7,31.7
19,"yes","no","yr2018",2018,16.8,2.2,-11.7,31.7
20,"yes","no","yr2018",2018,6.3,0.3,-11.7,31.7
21,"yes","no","yr2018",2018,11.3,5,-11.7,31.7
22,"yes","no","yr2018",2018,9.8,0.1,-11.7,31.7
23,"no","no","yr2018",2018,13.3,6.3,-11.7,31.7
24,"no","no","yr2018",2018,18.3,0.8,-11.7,31.7
25,"no","no","yr2018",2018,17.8,8.5,-11.7,31.7
26,"yes","no","yr2018",2018,15.1,2.4,-11.7,31.7
27,"no","no","yr2018",2018,16.5,0.9,-11.7,31.7
28,"no","no","yr2018",2018,12.5,4.4,-11.7,31.7
29,"no","no","yr2018",2018,10.2,0.1,-11.7,31.7
30,"yes","no","yr2018",2018,9.1,1.3,-11.7,31.7
31,"no","no","yr2018",2018,13.3,11.6,-11.7,31.7
32,"no","no","yr2018",2018,8.5,2.6,-11.7,31.7
33,"no","no","yr2018",2018,11.8,13.3,-11.7,31.7
34,"no","no","yr2018",2018,15.9,7.9,-11.7,31.7
35,"yes","no","yr2018",2018,13.4,0,-11.7,31.7
36,"no","no","yr2018",2018,8,1.5,-11.7,31.7
37,"yes","no","yr2018",2018,10,2.5,-11.7,31.7
38,"yes","no","yr2018",2018,6.4,0,-11.7,31.7
39,"yes","yes","yr2018",2018,10.8,0,-11.7,31.7
40,"no","no","yr2018",2018,6,1.6,-11.7,31.7
41,"no","no","yr2018",2018,14.2,8.6,-11.7,31.7
42,"no","no","yr2018",2018,4.5,0,-11.7,31.7
43,"no","no","yr2018",2018,6.7,2.5,-11.7,31.7
44,"yes","no","yr2018",2018,13.6,9.7,-11.7,31.7
45,"yes","no","yr2018",2018,6.2,2.9,-11.7,31.7
46,"yes","yes","yr2018",2018,6.8,0.9,-11.7,31.7
47,"no","no","yr2018",2018,20,0,-11.7,31.7
48,"no","no","yr2018",2018,4.5,1.9,-11.7,31.7
49,"yes","no","yr2018",2018,9.3,17.9,-11.7,31.7
50,"yes","no","yr2018",2018,20.1,3.8,-11.7,31.7
51,"no","no","yr2018",2018,13.2,7.6,-11.7,31.7
52,"yes","no","yr2018",2018,6.5,0.5,-11.7,31.7
53,"no","no","yr2018",2018,17.3,5.2,-11.7,31.7
54,"no","no","yr2018",2018,9.9,2.1,-11.7,31.7
55,"yes","no","yr2018",2018,0,0,-11.7,31.7
56,"yes","no","yr2018",2018,13.5,0.3,-11.7,31.7
57,"no","no","yr2018",2018,8.8,1.5,-11.7,31.7
58,"yes","yes","yr2018",2018,19.4,1.5,-11.7,31.7
59,"no","no","yr2018",2018,18.5,1.4,-11.7,31.7
60,"yes","no","yr2018",2018,9.4,2,-11.7,31.7
61,"no","no","yr2018",2018,10.7,0.9,-11.7,31.7
62,"yes","yes","yr2018",2018,18.7,0.8,-11.7,31.7
63,"no","no","yr2018",2018,22.3,2.8,-11.7,31.7
64,"no","no","yr2018",2018,6.1,0,-11.7,31.7
65,"yes","no","yr2018",2018,18.7,0.4,-11.7,31.7
66,"no","no","yr2018",2018,5.5,0,-11.7,31.7
67,"no","no","yr2018",2018,12.4,1.3,-11.7,31.7
68,"yes","yes","yr2018",2018,14.5,4,-11.7,31.7
69,"yes","yes","yr2018",2018,14,0,-11.7,31.7
70,"no","no","yr2018",2018,7.9,4.3,-11.7,31.7
71,"yes","no","yr2018",2018,9.4,3.6,-11.7,31.7
72,"no","no","yr2018",2018,14.4,9.4,-11.7,31.7
73,"no","no","yr2018",2018,22.8,0.1,-11.7,31.7
74,"no","no","yr2018",2018,6.9,0,-11.7,31.7
75,"yes","yes","yr2018",2018,14,6.9,-11.7,31.7
76,"yes","yes","yr2018",2018,16.2,3.1,-11.7,31.7
77,"no","no","yr2018",2018,10.4,3.1,-11.7,31.7
78,"no","no","yr2018",2018,29,1.9,-11.7,31.7
79,"yes","no","yr2018",2018,13.6,16.4,-11.7,31.7
80,"no","no","yr2018",2018,12.4,7.6,-11.7,31.7
81,"no","no","yr2018",2018,14.7,4.1,-11.7,31.7
82,"no","no","yr2018",2018,17.9,5.6,-11.7,31.7
83,"yes","yes","yr2018",2018,20.5,1.2,-11.7,31.7
84,"yes","yes","yr2018",2018,6.1,9.4,-11.7,31.7
85,"no","no","yr2018",2018,12.1,0.1,-11.7,31.7
86,"yes","yes","yr2018",2018,3.6,2.7,-11.7,31.7
87,"no","no","yr2018",2018,13.5,1.4,-11.7,31.7
88,"yes","no","yr2018",2018,16.4,6.3,-11.7,31.7
89,"no","no","yr2018",2018,14.6,3.6,-11.7,31.7
90,"no","no","yr2018",2018,4.5,0,-11.7,31.7
91,"yes","yes","yr2018",2018,15.2,6.9,-11.7,31.7
92,"yes","no","yr2018",2018,19.3,7.1,-11.7,31.7
93,"yes","yes","yr2018",2018,11.3,5.5,-11.7,31.7
94,"yes","yes","yr2018",2018,11.6,5.9,-11.7,31.7
95,"yes","yes","yr2018",2018,13.7,8.4,-11.7,31.7
96,"no","no","yr2018",2018,13.1,11.1,-11.7,31.7
97,"yes","no","yr2018",2018,14.1,12.4,-11.7,31.7
98,"yes","yes","yr2018",2018,16.6,0,-11.7,31.7
99,"no","no","yr2018",2018,21.4,0.4,-11.7,31.7
100,"yes","yes","yr2018",2018,15.5,3,-11.7,31.7
